{"stats":{"minecraft:killed":{"minecraft:villager":2},"minecraft:dropped":{"minecraft:dirt":4},"minecraft:used":{"minecraft:iron_shovel":15,"minecraft:stone_pickaxe":62,"minecraft:oak_planks":8,"minecraft:spruce_planks":3,"minecraft:chest":4,"minecraft:wooden_pickaxe":43,"minecraft:composter":1,"minecraft:iron_chestplate":1,"minecraft:mossy_cobblestone":6,"minecraft:brewing_stand":2,"minecraft:dirt":68,"minecraft:spyglass":2,"minecraft:crafting_table":4,"minecraft:loom":2,"minecraft:blast_furnace":2,"minecraft:white_bed":4,"minecraft:smoker":5,"minecraft:spruce_log":8,"minecraft:wooden_axe":8,"minecraft:villager_spawn_egg":30,"minecraft:lantern":28,"minecraft:grass_block":228,"minecraft:iron_pickaxe":70,"minecraft:lectern":5,"minecraft:iron_helmet":1,"minecraft:stone_bricks":3,"minecraft:stone_axe":53,"minecraft:cobblestone":13,"minecraft:scaffolding":16,"guardvillagers:guard_spawn_egg":14,"minecraft:furnace":2},"minecraft:crafted":{"minecraft:oak_planks":32,"minecraft:crafting_table":2,"minecraft:spruce_planks":64,"minecraft:wooden_pickaxe":1,"minecraft:furnace":1,"minecraft:stone_axe":1,"minecraft:stick":4,"minecraft:stone_pickaxe":1,"minecraft:iron_pickaxe":1,"minecraft:wooden_axe":1,"minecraft:chest":3},"minecraft:picked_up":{"minecraft:crafting_table":2,"minecraft:flint":1,"minecraft:oak_log":8,"minecraft:dirt":60,"minecraft:lantern":1,"minecraft:stone_bricks":4,"minecraft:spruce_planks":4,"minecraft:moss_block":3,"minecraft:chest":1,"minecraft:furnace":1,"minecraft:scaffolding":1,"minecraft:pumpkin":8,"minecraft:composter":1,"minecraft:spyglass":1,"minecraft:spruce_sapling":3,"minecraft:white_bed":1,"minecraft:spruce_log":14,"minecraft:mossy_cobblestone":8,"minecraft:pumpkin_seeds":18,"minecraft:spruce_sign":1,"minecraft:coal":14,"minecraft:cobblestone":90},"minecraft:mined":{"minecraft:attached_pumpkin_stem":1,"minecraft:podzol":5,"minecraft:spruce_planks":4,"minecraft:scaffolding":1,"minecraft:white_bed":1,"minecraft:glass_pane":6,"minecraft:mossy_cobblestone":10,"minecraft:crafting_table":2,"minecraft:grass_block":21,"minecraft:chest":1,"minecraft:spruce_leaves":4,"minecraft:moss_block":5,"minecraft:composter":1,"minecraft:furnace":1,"minecraft:spruce_log":14,"minecraft:pumpkin_stem":9,"minecraft:pumpkin":8,"minecraft:oak_log":8,"minecraft:coal_ore":14,"minecraft:dirt_path":5,"minecraft:gravel":1,"minecraft:dirt":35,"minecraft:stone":93,"minecraft:stone_bricks":4,"minecraft:oak_leaves":4},"minecraft:custom":{"minecraft:interact_with_furnace":2,"minecraft:mob_kills":2,"minecraft:interact_with_crafting_table":5,"minecraft:open_barrel":1,"minecraft:leave_game":2,"minecraft:time_since_death":114536,"minecraft:sleep_in_bed":6,"minecraft:climb_one_cm":3949,"minecraft:time_since_rest":589,"minecraft:sprint_one_cm":457382,"minecraft:damage_taken":543,"minecraft:walk_one_cm":321752,"minecraft:drop":1,"minecraft:damage_dealt":642,"minecraft:talked_to_villager":14,"minecraft:fly_one_cm":609098,"minecraft:open_chest":58,"minecraft:crouch_one_cm":3346,"minecraft:play_time":114536,"minecraft:sneak_time":3744,"minecraft:walk_under_water_one_cm":4315,"minecraft:jump":843,"minecraft:walk_on_water_one_cm":4144,"minecraft:total_world_time":114536,"minecraft:fall_one_cm":19967}},"DataVersion":3953}