{"stats":{"minecraft:killed":{"guardvillagers:guard":1,"minecraft:villager":2},"minecraft:dropped":{"minecraft:dirt":4},"minecraft:used":{"minecraft:wheat_seeds":3,"minecraft:moss_block":14,"minecraft:netherite_sword":7,"minecraft:iron_shovel":15,"minecraft:gray_carpet":1,"minecraft:polished_andesite":1,"minecraft:stone_pickaxe":62,"minecraft:oak_planks":8,"minecraft:spruce_planks":3,"minecraft:chest":25,"minecraft:wooden_pickaxe":43,"minecraft:composter":1,"minecraft:iron_chestplate":1,"minecraft:mossy_cobblestone":6,"minecraft:brewing_stand":2,"minecraft:dirt":68,"minecraft:spyglass":2,"minecraft:crafting_table":4,"minecraft:loom":2,"minecraft:blast_furnace":3,"minecraft:white_bed":4,"minecraft:stone_brick_wall":1,"minecraft:smoker":5,"minecraft:spruce_log":8,"minecraft:wooden_axe":8,"minecraft:villager_spawn_egg":34,"minecraft:lantern":29,"minecraft:grass_block":228,"minecraft:iron_pickaxe":70,"minecraft:lectern":5,"minecraft:iron_helmet":1,"minecraft:stone_bricks":4,"minecraft:stone_axe":53,"minecraft:cobblestone":13,"minecraft:scaffolding":16,"guardvillagers:guard_spawn_egg":14,"minecraft:furnace":2,"minecraft:glass_pane":1},"minecraft:killed_by":{"guardvillagers:guard":7},"minecraft:crafted":{"minecraft:smooth_stone":14,"minecraft:oak_planks":32,"minecraft:emerald":7,"minecraft:smooth_stone_slab":6,"minecraft:crafting_table":2,"minecraft:spruce_planks":308,"minecraft:wooden_pickaxe":1,"minecraft:furnace":1,"minecraft:stone":14,"minecraft:campfire":1,"minecraft:stone_axe":1,"minecraft:air":0,"minecraft:stick":260,"minecraft:stone_pickaxe":1,"minecraft:iron_pickaxe":1,"minecraft:wooden_axe":1,"minecraft:chest":24,"minecraft:armor_stand":1},"minecraft:picked_up":{"minecraft:crafting_table":2,"minecraft:wheat":3,"minecraft:golden_leggings":1,"minecraft:smoker":5,"minecraft:stone_brick_wall":2,"minecraft:potato":18,"minecraft:flint":1,"minecraft:oak_log":8,"minecraft:map":42,"minecraft:dirt":60,"minecraft:paper":161,"minecraft:lantern":1,"minecraft:smooth_stone_slab":10,"minecraft:armor_stand":4,"minecraft:compass":12,"minecraft:iron_shovel":2,"minecraft:bone":2,"minecraft:stone_bricks":12,"minecraft:wheat_seeds":10,"minecraft:smooth_stone":44,"minecraft:spruce_planks":84,"minecraft:iron_ingot":7,"minecraft:rose_bush":4,"minecraft:iron_pickaxe":6,"minecraft:moss_block":21,"minecraft:chest":1,"minecraft:oak_planks":44,"minecraft:furnace":1,"minecraft:scaffolding":7,"minecraft:stick":27,"minecraft:pumpkin":24,"minecraft:sweet_berries":4,"minecraft:composter":1,"minecraft:spyglass":3,"minecraft:villager_spawn_egg":7,"minecraft:spruce_sapling":79,"minecraft:white_bed":8,"minecraft:spruce_log":232,"minecraft:mossy_cobblestone":8,"minecraft:polished_andesite":4,"minecraft:pumpkin_seeds":54,"minecraft:arrow":1,"minecraft:campfire":2,"minecraft:stone_axe":2,"minecraft:pumpkin_pie":2,"minecraft:crossbow":1,"minecraft:bread":14,"minecraft:spruce_sign":8,"minecraft:coal":58,"minecraft:cobblestone":335},"minecraft:mined":{"minecraft:attached_pumpkin_stem":1,"minecraft:podzol":5,"minecraft:spruce_planks":4,"minecraft:scaffolding":1,"minecraft:white_bed":1,"minecraft:glass_pane":6,"minecraft:mossy_cobblestone":10,"minecraft:crafting_table":2,"minecraft:grass_block":21,"minecraft:chest":1,"minecraft:rose_bush":4,"minecraft:spruce_leaves":4,"minecraft:moss_block":5,"minecraft:composter":1,"minecraft:furnace":1,"minecraft:wheat":3,"minecraft:spruce_log":14,"minecraft:pumpkin_stem":9,"minecraft:pumpkin":8,"minecraft:oak_log":8,"minecraft:coal_ore":14,"minecraft:dirt_path":5,"minecraft:gravel":1,"minecraft:dirt":35,"minecraft:stone":93,"minecraft:stone_bricks":4,"minecraft:oak_leaves":4},"minecraft:custom":{"minecraft:interact_with_furnace":5,"minecraft:mob_kills":3,"minecraft:traded_with_villager":7,"minecraft:interact_with_crafting_table":10,"minecraft:open_barrel":1,"minecraft:interact_with_grindstone":1,"minecraft:leave_game":2,"minecraft:time_since_death":14099,"minecraft:sleep_in_bed":7,"minecraft:climb_one_cm":4373,"minecraft:time_since_rest":14128,"minecraft:sprint_one_cm":598284,"minecraft:damage_taken":2503,"minecraft:walk_one_cm":440039,"minecraft:drop":1,"minecraft:damage_dealt":852,"minecraft:talked_to_villager":38,"minecraft:fly_one_cm":668410,"minecraft:open_chest":75,"minecraft:crouch_one_cm":3739,"minecraft:play_time":144536,"minecraft:deaths":7,"minecraft:sneak_time":3943,"minecraft:walk_under_water_one_cm":4315,"minecraft:jump":1090,"minecraft:walk_on_water_one_cm":5332,"minecraft:total_world_time":144536,"minecraft:fall_one_cm":26827}},"DataVersion":3953}