{"stats":{"minecraft:crafted":{"minecraft:oak_planks":16,"minecraft:crafting_table":1,"minecraft:stick":4,"minecraft:iron_pickaxe":1,"minecraft:wooden_pickaxe":1,"minecraft:stone_pickaxe":1,"minecraft:wooden_axe":1},"minecraft:used":{"minecraft:wooden_axe":8,"minecraft:stone_pickaxe":56,"minecraft:iron_helmet":1,"minecraft:wooden_pickaxe":43,"minecraft:iron_chestplate":1,"minecraft:dirt":15,"minecraft:spyglass":2,"minecraft:crafting_table":2},"minecraft:custom":{"minecraft:time_since_rest":11155,"minecraft:sprint_one_cm":283428,"minecraft:interact_with_furnace":1,"minecraft:damage_taken":440,"minecraft:walk_one_cm":114528,"minecraft:talked_to_villager":5,"minecraft:interact_with_crafting_table":2,"minecraft:fly_one_cm":485119,"minecraft:open_barrel":1,"minecraft:open_chest":32,"minecraft:crouch_one_cm":189,"minecraft:play_time":53590,"minecraft:sneak_time":2036,"minecraft:walk_under_water_one_cm":4315,"minecraft:jump":529,"minecraft:leave_game":2,"minecraft:walk_on_water_one_cm":3670,"minecraft:time_since_death":53590,"minecraft:sleep_in_bed":3,"minecraft:climb_one_cm":2610,"minecraft:total_world_time":53590,"minecraft:fall_one_cm":16684},"minecraft:mined":{"minecraft:podzol":2,"minecraft:spruce_planks":4,"minecraft:glass_pane":6,"minecraft:mossy_cobblestone":4,"minecraft:crafting_table":1,"minecraft:grass_block":17,"minecraft:oak_log":8,"minecraft:dirt_path":4,"minecraft:gravel":1,"minecraft:dirt":30,"minecraft:stone":44,"minecraft:moss_block":3,"minecraft:oak_leaves":4},"minecraft:picked_up":{"minecraft:crafting_table":1,"minecraft:spyglass":1,"minecraft:flint":1,"minecraft:oak_log":8,"minecraft:mossy_cobblestone":2,"minecraft:dirt":47,"minecraft:spruce_planks":4,"minecraft:moss_block":1,"minecraft:cobblestone":42}},"DataVersion":3953}