{"stats":{"minecraft:custom":{"minecraft:mob_kills":3,"minecraft:interact_with_crafting_table":13,"minecraft:open_barrel":2,"minecraft:leave_game":5,"minecraft:time_since_death":8826,"minecraft:climb_one_cm":7283,"minecraft:sprint_one_cm":969910,"minecraft:walk_one_cm":641733,"minecraft:drop":11,"minecraft:talked_to_villager":46,"minecraft:play_time":220477,"minecraft:deaths":12,"minecraft:sneak_time":6286,"minecraft:walk_under_water_one_cm":5351,"minecraft:jump":1779,"minecraft:walk_on_water_one_cm":18174,"minecraft:total_world_time":220477,"minecraft:interact_with_furnace":5,"minecraft:traded_with_villager":7,"minecraft:interact_with_grindstone":1,"minecraft:sleep_in_bed":12,"minecraft:time_since_rest":8873,"minecraft:damage_taken":4558,"minecraft:damage_dealt":852,"minecraft:swim_one_cm":835,"minecraft:fly_one_cm":1669511,"minecraft:open_chest":144,"minecraft:crouch_one_cm":4435,"minecraft:interact_with_smoker":1,"minecraft:fall_one_cm":50002},"minecraft:dropped":{"minecraft:bread":61,"minecraft:dirt":4,"minecraft:white_bed":1},"minecraft:picked_up":{"minecraft:crafting_table":2,"minecraft:wheat":24,"minecraft:golden_pickaxe":1,"minecraft:stone_brick_wall":9,"minecraft:dark_oak_trapdoor":1,"minecraft:smooth_stone_slab":30,"minecraft:armor_stand":4,"minecraft:item_frame":1,"minecraft:compass":12,"minecraft:iron_shovel":2,"minecraft:glass_pane":1,"minecraft:smooth_stone":99,"minecraft:spruce_planks":84,"minecraft:rose_bush":12,"minecraft:iron_nugget":14,"minecraft:iron_pickaxe":11,"minecraft:chest":1,"minecraft:furnace":1,"minecraft:stick":108,"minecraft:raw_iron":8,"minecraft:composter":1,"minecraft:villager_spawn_egg":296,"minecraft:redstone":16,"minecraft:arrow":10,"minecraft:rotten_flesh":7,"minecraft:pumpkin_pie":2,"minecraft:gold_ingot":3,"minecraft:white_wool":12,"minecraft:cobblestone":582,"minecraft:golden_leggings":1,"minecraft:smoker":10,"minecraft:potato":18,"minecraft:flint":1,"minecraft:oak_log":8,"minecraft:map":42,"minecraft:lapis_lazuli":9,"minecraft:dirt":60,"minecraft:paper":161,"minecraft:lantern":1,"minecraft:bone":322,"minecraft:stone_bricks":22,"minecraft:wheat_seeds":20,"minecraft:iron_ingot":16,"minecraft:stone_pickaxe":2,"minecraft:moss_block":33,"minecraft:oak_planks":44,"minecraft:scaffolding":11,"minecraft:pumpkin":24,"minecraft:sweet_berries":4,"minecraft:spyglass":3,"minecraft:spruce_sapling":79,"minecraft:white_bed":12,"minecraft:spruce_log":233,"minecraft:mossy_cobblestone":8,"minecraft:iron_hoe":5,"minecraft:polished_andesite":9,"minecraft:pumpkin_seeds":54,"minecraft:campfire":2,"minecraft:stone_axe":2,"minecraft:crossbow":1,"minecraft:bread":327,"minecraft:spruce_sign":13,"minecraft:gray_wool":4,"minecraft:emerald":7,"minecraft:melon_seeds":1,"minecraft:coal":96},"minecraft:killed":{"guardvillagers:guard":1,"minecraft:villager":2},"minecraft:killed_by":{"guardvillagers:guard":10},"minecraft:mined":{"minecraft:attached_pumpkin_stem":1,"minecraft:spruce_planks":4,"minecraft:white_bed":1,"minecraft:mossy_cobblestone":10,"minecraft:grass_block":21,"minecraft:stone_brick_wall":1,"minecraft:spruce_leaves":4,"minecraft:composter":1,"minecraft:moss_block":5,"minecraft:furnace":1,"minecraft:iron_ore":4,"minecraft:pumpkin":8,"minecraft:dirt_path":5,"minecraft:stone":94,"minecraft:podzol":5,"minecraft:scaffolding":1,"minecraft:glass_pane":6,"minecraft:crafting_table":2,"minecraft:chest":1,"minecraft:rose_bush":4,"minecraft:wheat":6,"minecraft:spruce_log":14,"minecraft:pumpkin_stem":9,"minecraft:oak_log":8,"minecraft:coal_ore":18,"minecraft:gravel":1,"minecraft:dirt":35,"minecraft:polished_andesite":1,"minecraft:stone_bricks":4,"minecraft:oak_leaves":8},"minecraft:crafted":{"minecraft:oak_planks":32,"minecraft:smooth_stone":14,"minecraft:smooth_stone_slab":6,"minecraft:furnace":1,"minecraft:stone":14,"minecraft:iron_hoe":1,"minecraft:stone_pickaxe":1,"minecraft:chest":24,"minecraft:emerald":7,"minecraft:crafting_table":2,"minecraft:spruce_planks":308,"minecraft:wooden_pickaxe":1,"minecraft:campfire":1,"minecraft:stone_axe":1,"minecraft:air":0,"minecraft:stick":260,"minecraft:iron_pickaxe":1,"minecraft:wooden_axe":1,"minecraft:armor_stand":1},"minecraft:used":{"minecraft:moss_block":14,"minecraft:netherite_sword":7,"minecraft:rose_bush":2,"minecraft:iron_shovel":15,"minecraft:armor_stand":1,"minecraft:spruce_planks":3,"minecraft:chest":25,"minecraft:iron_chestplate":1,"minecraft:brewing_stand":2,"minecraft:dirt":68,"minecraft:spyglass":2,"minecraft:obsidian":3,"minecraft:iron_hoe":15,"minecraft:wooden_axe":8,"minecraft:villager_spawn_egg":37,"minecraft:lantern":29,"minecraft:grass_block":228,"minecraft:iron_helmet":1,"minecraft:stone_bricks":6,"minecraft:scaffolding":16,"minecraft:furnace":2,"guardvillagers:guard_spawn_egg":14,"minecraft:wheat_seeds":15,"minecraft:gray_carpet":1,"minecraft:polished_andesite":1,"minecraft:stone_pickaxe":62,"minecraft:oak_planks":8,"minecraft:wooden_pickaxe":43,"minecraft:composter":1,"minecraft:mossy_cobblestone":6,"minecraft:dark_oak_trapdoor":2,"minecraft:crafting_table":4,"minecraft:loom":2,"minecraft:blast_furnace":3,"minecraft:white_bed":5,"minecraft:campfire":3,"minecraft:stone_brick_wall":16,"minecraft:smoker":5,"minecraft:spruce_log":9,"minecraft:bread":22,"minecraft:iron_pickaxe":81,"minecraft:lectern":5,"minecraft:stone_axe":53,"minecraft:cobblestone":13,"minecraft:glass_pane":24}},"DataVersion":3953}