{"stats":{"minecraft:used":{"minecraft:dirt":4},"minecraft:picked_up":{"minecraft:oak_log":5,"minecraft:dirt":4},"minecraft:mined":{"minecraft:grass_block":9,"minecraft:oak_log":5,"minecraft:oak_leaves":4},"minecraft:custom":{"minecraft:jump":203,"minecraft:time_since_rest":5843,"minecraft:crouch_one_cm":58,"minecraft:sprint_one_cm":29325,"minecraft:play_time":5843,"minecraft:time_since_death":5843,"minecraft:walk_one_cm":9068,"minecraft:sneak_time":7,"minecraft:total_world_time":5843,"minecraft:fall_one_cm":2115,"minecraft:fly_one_cm":22936}},"DataVersion":3953}