{"stats":{"minecraft:picked_up":{"minecraft:wooden_axe":1,"minecraft:birch_door":1,"minecraft:crafting_table":2,"minecraft:wheat":36,"minecraft:golden_pickaxe":1,"minecraft:stone_brick_wall":9,"minecraft:dark_oak_trapdoor":1,"minecraft:smooth_stone_slab":30,"minecraft:armor_stand":4,"minecraft:item_frame":1,"minecraft:compass":12,"minecraft:iron_shovel":2,"minecraft:beetroot":2,"minecraft:glass_pane":1,"minecraft:cobbled_deepslate":2,"minecraft:smooth_stone":101,"minecraft:spruce_planks":84,"minecraft:redstone_torch":25,"minecraft:rose_bush":12,"minecraft:iron_nugget":14,"minecraft:iron_pickaxe":11,"minecraft:chest":1,"minecraft:egg":2,"minecraft:furnace":1,"minecraft:stick":111,"minecraft:raw_iron":39,"minecraft:composter":1,"minecraft:villager_spawn_egg":296,"minecraft:redstone":30,"minecraft:arrow":12,"minecraft:cactus":6,"minecraft:rotten_flesh":9,"minecraft:beetroot_seeds":5,"minecraft:pumpkin_pie":2,"minecraft:gold_ingot":3,"minecraft:white_wool":12,"minecraft:cobblestone":587,"travelersbackpack:iron_golem":1,"minecraft:repeater":8,"minecraft:golden_leggings":1,"minecraft:smoker":10,"minecraft:potato":18,"minecraft:flint":1,"minecraft:oak_log":8,"minecraft:yellow_bed":1,"minecraft:lapis_lazuli":9,"minecraft:map":42,"minecraft:dirt":60,"minecraft:paper":161,"minecraft:lantern":1,"minecraft:bone":323,"minecraft:acacia_planks":1,"minecraft:stone_bricks":22,"minecraft:wheat_seeds":55,"minecraft:rabbit_hide":1,"minecraft:iron_ingot":16,"minecraft:stone_pickaxe":2,"minecraft:rabbit":1,"minecraft:moss_block":33,"minecraft:oak_planks":44,"minecraft:scaffolding":11,"minecraft:pumpkin":24,"minecraft:sweet_berries":4,"minecraft:spyglass":3,"minecraft:birch_stairs":15,"minecraft:sand":33,"minecraft:spruce_sapling":79,"minecraft:spruce_log":233,"minecraft:white_bed":12,"minecraft:mossy_cobblestone":8,"minecraft:iron_hoe":5,"minecraft:quartz_bricks":1,"minecraft:polished_andesite":9,"minecraft:pumpkin_seeds":54,"minecraft:diamond":16,"minecraft:stone_axe":2,"minecraft:campfire":2,"minecraft:crossbow":1,"minecraft:bread":327,"minecraft:gray_wool":4,"minecraft:spruce_sign":13,"minecraft:emerald":7,"minecraft:oak_sapling":3,"minecraft:melon_seeds":1,"minecraft:coal":96},"minecraft:dropped":{"minecraft:bread":61,"minecraft:dirt":4,"minecraft:wooden_axe":1,"minecraft:quartz_bricks":1,"minecraft:white_bed":1,"travelersbackpack:iron_golem":1,"minecraft:ochre_froglight":1,"minecraft:yellow_bed":1},"minecraft:custom":{"minecraft:mob_kills":4,"minecraft:interact_with_crafting_table":14,"minecraft:open_barrel":2,"minecraft:leave_game":31,"minecraft:time_since_death":678562,"minecraft:climb_one_cm":7283,"minecraft:sprint_one_cm":1247677,"minecraft:walk_one_cm":1135460,"minecraft:drop":16,"minecraft:talked_to_villager":50,"minecraft:play_time":890213,"minecraft:deaths":12,"minecraft:sneak_time":58397,"minecraft:walk_under_water_one_cm":63294,"minecraft:boat_one_cm":31807,"minecraft:jump":3838,"minecraft:walk_on_water_one_cm":46869,"minecraft:total_world_time":890213,"minecraft:interact_with_furnace":5,"minecraft:traded_with_villager":7,"minecraft:interact_with_cartography_table":1,"minecraft:interact_with_grindstone":1,"minecraft:sleep_in_bed":36,"minecraft:time_since_rest":53995,"minecraft:damage_taken":4558,"minecraft:damage_dealt":1142,"minecraft:swim_one_cm":25092,"minecraft:fly_one_cm":9294738,"minecraft:open_chest":183,"minecraft:crouch_one_cm":26548,"minecraft:interact_with_smoker":1,"minecraft:fall_one_cm":50002},"minecraft:killed_by":{"guardvillagers:guard":10},"minecraft:killed":{"guardvillagers:guard":1,"minecraft:husk":1,"minecraft:villager":2},"minecraft:mined":{"minecraft:attached_pumpkin_stem":1,"minecraft:spruce_planks":4,"minecraft:white_bed":1,"minecraft:mossy_cobblestone":10,"minecraft:deepslate_diamond_ore":16,"minecraft:grass_block":21,"minecraft:stone_brick_wall":1,"minecraft:spruce_leaves":4,"minecraft:composter":1,"minecraft:moss_block":5,"minecraft:furnace":1,"minecraft:iron_ore":4,"minecraft:pumpkin":8,"minecraft:deepslate_iron_ore":8,"minecraft:dirt_path":5,"minecraft:stone":94,"minecraft:podzol":5,"minecraft:scaffolding":1,"minecraft:glass_pane":6,"minecraft:crafting_table":2,"minecraft:chest":1,"minecraft:rose_bush":4,"minecraft:wheat":6,"minecraft:spruce_log":14,"minecraft:pumpkin_stem":9,"minecraft:birch_door":1,"minecraft:oak_log":8,"minecraft:coal_ore":18,"minecraft:gravel":1,"minecraft:smooth_quartz":1,"minecraft:dirt":35,"minecraft:polished_andesite":1,"minecraft:stone_bricks":4,"minecraft:oak_leaves":8,"minecraft:deepslate":2},"minecraft:used":{"minecraft:moss_block":14,"minecraft:netherite_sword":7,"minecraft:rose_bush":2,"minecraft:iron_shovel":15,"minecraft:flint_and_steel":535,"minecraft:smooth_quartz_slab":14,"minecraft:armor_stand":1,"minecraft:redstone":101,"minecraft:chest":29,"minecraft:spruce_planks":3,"minecraft:quartz_stairs":154,"minecraft:stripped_birch_wood":160,"minecraft:iron_chestplate":1,"minecraft:brewing_stand":2,"minecraft:dirt":68,"minecraft:spyglass":2,"minecraft:obsidian":3,"minecraft:birch_door":2,"minecraft:iron_hoe":15,"minecraft:wooden_axe":22,"minecraft:sea_lantern":63,"minecraft:quartz_pillar":824,"minecraft:villager_spawn_egg":37,"minecraft:lantern":53,"minecraft:grass_block":256,"minecraft:quartz_block":129,"minecraft:iron_helmet":1,"minecraft:smooth_quartz":379,"minecraft:stone_bricks":6,"minecraft:repeater":38,"minecraft:birch_trapdoor":5,"minecraft:scaffolding":16,"guardvillagers:guard_spawn_egg":89,"minecraft:furnace":2,"minecraft:white_stained_glass_pane":64,"minecraft:observer":11,"minecraft:quartz_bricks":3650,"minecraft:wheat_seeds":15,"minecraft:dirt_path":441,"minecraft:birch_planks":335,"minecraft:stone_pickaxe":62,"minecraft:gray_carpet":1,"minecraft:polished_andesite":1,"minecraft:oak_planks":8,"minecraft:wooden_pickaxe":43,"minecraft:birch_boat":1,"minecraft:sandstone":1060,"travelersbackpack:iron_golem":3,"minecraft:composter":1,"minecraft:redstone_block":1,"minecraft:smooth_quartz_stairs":9,"minecraft:dark_oak_trapdoor":2,"minecraft:mossy_cobblestone":6,"minecraft:sand":381,"minecraft:crafting_table":4,"minecraft:loom":2,"minecraft:blast_furnace":3,"minecraft:white_bed":5,"minecraft:campfire":3,"minecraft:chiseled_quartz_block":608,"minecraft:ochre_froglight":60,"minecraft:stone_brick_wall":16,"minecraft:spruce_log":9,"minecraft:smoker":5,"minecraft:birch_fence":45,"minecraft:redstone_torch":69,"minecraft:sticky_piston":57,"minecraft:piston":15,"minecraft:diamond_pickaxe":27,"travelersbackpack:creeper":2,"minecraft:bread":22,"minecraft:iron_pickaxe":81,"minecraft:oak_button":5,"minecraft:lectern":5,"minecraft:stone_axe":53,"minecraft:cobblestone":13,"minecraft:oak_boat":1,"minecraft:glass_pane":24,"minecraft:yellow_bed":16,"minecraft:white_concrete":1,"minecraft:splash_potion":1},"minecraft:crafted":{"minecraft:oak_planks":32,"minecraft:smooth_stone":14,"minecraft:smooth_stone_slab":6,"minecraft:furnace":1,"minecraft:stone":14,"minecraft:iron_hoe":1,"minecraft:stone_pickaxe":1,"minecraft:chest":24,"minecraft:emerald":7,"minecraft:crafting_table":2,"minecraft:spruce_planks":308,"minecraft:wooden_pickaxe":1,"minecraft:campfire":1,"minecraft:stone_axe":1,"minecraft:air":0,"minecraft:stick":260,"minecraft:iron_pickaxe":1,"minecraft:wooden_axe":1,"minecraft:armor_stand":1}},"DataVersion":3953}