{"stats":{"minecraft:used":{"minecraft:dirt":4},"minecraft:picked_up":{"minecraft:oak_log":5,"minecraft:dirt":4},"minecraft:mined":{"minecraft:grass_block":9,"minecraft:oak_log":5,"minecraft:oak_leaves":4},"minecraft:custom":{"minecraft:jump":223,"minecraft:open_chest":2,"minecraft:time_since_rest":1253,"minecraft:damage_taken":20,"minecraft:walk_on_water_one_cm":153,"minecraft:crouch_one_cm":146,"minecraft:sprint_one_cm":36541,"minecraft:play_time":17843,"minecraft:time_since_death":17843,"minecraft:walk_one_cm":18809,"minecraft:climb_one_cm":439,"minecraft:sleep_in_bed":1,"minecraft:sneak_time":2004,"minecraft:total_world_time":17843,"minecraft:talked_to_villager":2,"minecraft:fall_one_cm":3289,"minecraft:fly_one_cm":458471}},"DataVersion":3953}