{"stats":{"minecraft:used":{"minecraft:wooden_axe":8,"minecraft:iron_shovel":6,"minecraft:lantern":1,"minecraft:stone_pickaxe":62,"minecraft:oak_planks":8,"minecraft:iron_pickaxe":2,"minecraft:chest":4,"minecraft:iron_helmet":1,"minecraft:wooden_pickaxe":43,"minecraft:stone_bricks":3,"minecraft:stone_axe":22,"minecraft:iron_chestplate":1,"minecraft:spyglass":2,"minecraft:dirt":21,"minecraft:crafting_table":4,"minecraft:furnace":2,"minecraft:spruce_log":8},"minecraft:crafted":{"minecraft:oak_planks":32,"minecraft:crafting_table":2,"minecraft:spruce_planks":64,"minecraft:stick":4,"minecraft:wooden_pickaxe":1,"minecraft:iron_pickaxe":1,"minecraft:stone_pickaxe":1,"minecraft:wooden_axe":1,"minecraft:chest":3,"minecraft:furnace":1,"minecraft:stone_axe":1},"minecraft:picked_up":{"minecraft:scaffolding":1,"minecraft:crafting_table":2,"minecraft:spyglass":1,"minecraft:flint":1,"minecraft:spruce_sapling":3,"minecraft:oak_log":8,"minecraft:white_bed":1,"minecraft:spruce_log":14,"minecraft:lantern":1,"minecraft:mossy_cobblestone":4,"minecraft:dirt":51,"minecraft:stone_bricks":4,"minecraft:spruce_planks":4,"minecraft:spruce_sign":1,"minecraft:moss_block":3,"minecraft:chest":1,"minecraft:cobblestone":42,"minecraft:furnace":1},"minecraft:mined":{"minecraft:podzol":5,"minecraft:scaffolding":1,"minecraft:spruce_planks":4,"minecraft:white_bed":1,"minecraft:glass_pane":6,"minecraft:furnace":1,"minecraft:mossy_cobblestone":6,"minecraft:spruce_log":14,"minecraft:crafting_table":2,"minecraft:grass_block":17,"minecraft:oak_log":8,"minecraft:chest":1,"minecraft:dirt_path":5,"minecraft:gravel":1,"minecraft:dirt":30,"minecraft:spruce_leaves":4,"minecraft:stone_bricks":4,"minecraft:stone":44,"minecraft:moss_block":5,"minecraft:oak_leaves":4},"minecraft:custom":{"minecraft:time_since_rest":11749,"minecraft:interact_with_furnace":1,"minecraft:sprint_one_cm":349475,"minecraft:damage_taken":503,"minecraft:walk_one_cm":164123,"minecraft:damage_dealt":29,"minecraft:talked_to_villager":5,"minecraft:interact_with_crafting_table":5,"minecraft:fly_one_cm":489903,"minecraft:open_barrel":1,"minecraft:open_chest":42,"minecraft:crouch_one_cm":1020,"minecraft:play_time":66536,"minecraft:sneak_time":2276,"minecraft:walk_under_water_one_cm":4315,"minecraft:jump":624,"minecraft:leave_game":2,"minecraft:walk_on_water_one_cm":3845,"minecraft:time_since_death":66536,"minecraft:sleep_in_bed":4,"minecraft:climb_one_cm":2610,"minecraft:total_world_time":66536,"minecraft:fall_one_cm":18519}},"DataVersion":3953}