{"stats":{"minecraft:used":{"minecraft:wooden_axe":8,"minecraft:stone_pickaxe":57,"minecraft:iron_helmet":1,"minecraft:wooden_pickaxe":43,"minecraft:iron_chestplate":1,"minecraft:spyglass":2,"minecraft:dirt":15,"minecraft:crafting_table":2},"minecraft:crafted":{"minecraft:oak_planks":16,"minecraft:crafting_table":1,"minecraft:stick":4,"minecraft:wooden_pickaxe":1,"minecraft:iron_pickaxe":1,"minecraft:stone_pickaxe":1,"minecraft:wooden_axe":1},"minecraft:picked_up":{"minecraft:crafting_table":1,"minecraft:spyglass":1,"minecraft:flint":1,"minecraft:oak_log":8,"minecraft:mossy_cobblestone":2,"minecraft:dirt":47,"minecraft:spruce_planks":4,"minecraft:moss_block":1,"minecraft:cobblestone":42},"minecraft:mined":{"minecraft:podzol":2,"minecraft:spruce_planks":4,"minecraft:glass_pane":6,"minecraft:mossy_cobblestone":4,"minecraft:crafting_table":1,"minecraft:grass_block":17,"minecraft:oak_log":8,"minecraft:dirt_path":4,"minecraft:gravel":1,"minecraft:dirt":30,"minecraft:stone":44,"minecraft:moss_block":3,"minecraft:oak_leaves":4},"minecraft:custom":{"minecraft:time_since_rest":12101,"minecraft:interact_with_furnace":1,"minecraft:sprint_one_cm":293059,"minecraft:damage_taken":473,"minecraft:walk_one_cm":116167,"minecraft:damage_dealt":29,"minecraft:talked_to_villager":5,"minecraft:interact_with_crafting_table":2,"minecraft:fly_one_cm":487083,"minecraft:open_barrel":1,"minecraft:open_chest":33,"minecraft:crouch_one_cm":189,"minecraft:play_time":54536,"minecraft:sneak_time":2036,"minecraft:walk_under_water_one_cm":4315,"minecraft:jump":559,"minecraft:leave_game":2,"minecraft:walk_on_water_one_cm":3845,"minecraft:time_since_death":54536,"minecraft:sleep_in_bed":3,"minecraft:climb_one_cm":2610,"minecraft:total_world_time":54536,"minecraft:fall_one_cm":16684}},"DataVersion":3953}