{"stats":{"minecraft:used":{"minecraft:iron_chestplate":1,"minecraft:wooden_axe":5,"minecraft:spyglass":1,"minecraft:dirt":4,"minecraft:crafting_table":1,"minecraft:iron_helmet":1},"minecraft:crafted":{"minecraft:oak_planks":16,"minecraft:crafting_table":1,"minecraft:stick":4,"minecraft:wooden_pickaxe":1,"minecraft:wooden_axe":1},"minecraft:picked_up":{"minecraft:crafting_table":1,"minecraft:spyglass":1,"minecraft:oak_log":8,"minecraft:dirt":8},"minecraft:mined":{"minecraft:grass_block":11,"minecraft:oak_log":8,"minecraft:dirt":2,"minecraft:crafting_table":1,"minecraft:oak_leaves":4},"minecraft:custom":{"minecraft:open_barrel":1,"minecraft:time_since_rest":6457,"minecraft:open_chest":29,"minecraft:interact_with_furnace":1,"minecraft:crouch_one_cm":146,"minecraft:play_time":37773,"minecraft:sprint_one_cm":195710,"minecraft:damage_taken":320,"minecraft:walk_one_cm":70991,"minecraft:sneak_time":2032,"minecraft:walk_under_water_one_cm":1754,"minecraft:jump":404,"minecraft:leave_game":1,"minecraft:time_since_death":37773,"minecraft:walk_on_water_one_cm":2175,"minecraft:sleep_in_bed":2,"minecraft:total_world_time":37773,"minecraft:climb_one_cm":1453,"minecraft:interact_with_crafting_table":1,"minecraft:talked_to_villager":5,"minecraft:fall_one_cm":13150,"minecraft:fly_one_cm":477846}},"DataVersion":3953}