{"stats":{"minecraft:crafted":{"minecraft:oak_planks":16,"minecraft:crafting_table":1,"minecraft:stick":4,"minecraft:wooden_pickaxe":1,"minecraft:wooden_axe":1},"minecraft:used":{"minecraft:wooden_axe":5,"minecraft:iron_chestplate":1,"minecraft:spyglass":2,"minecraft:dirt":8,"minecraft:crafting_table":1,"minecraft:iron_helmet":1},"minecraft:custom":{"minecraft:open_barrel":1,"minecraft:open_chest":29,"minecraft:time_since_rest":9519,"minecraft:play_time":40835,"minecraft:crouch_one_cm":146,"minecraft:interact_with_furnace":1,"minecraft:sprint_one_cm":202115,"minecraft:damage_taken":320,"minecraft:walk_one_cm":76755,"minecraft:sneak_time":2032,"minecraft:walk_under_water_one_cm":4315,"minecraft:jump":413,"minecraft:leave_game":1,"minecraft:time_since_death":40835,"minecraft:walk_on_water_one_cm":2914,"minecraft:sleep_in_bed":2,"minecraft:total_world_time":40835,"minecraft:climb_one_cm":1453,"minecraft:interact_with_crafting_table":1,"minecraft:talked_to_villager":5,"minecraft:fall_one_cm":13150,"minecraft:fly_one_cm":478025},"minecraft:mined":{"minecraft:grass_block":11,"minecraft:oak_log":8,"minecraft:dirt":2,"minecraft:oak_leaves":4,"minecraft:crafting_table":1},"minecraft:picked_up":{"minecraft:crafting_table":1,"minecraft:spyglass":1,"minecraft:oak_log":8,"minecraft:dirt":8}},"DataVersion":3953}