{"stats":{"minecraft:picked_up":{"minecraft:crafting_table":3,"minecraft:iron_chestplate":1,"minecraft:wheat":2,"minecraft:flower_pot":1,"minecraft:cut_sandstone":6,"minecraft:chain":4,"minecraft:oak_log":54,"minecraft:brewing_stand":1,"minecraft:string":3,"minecraft:lantern":2,"minecraft:iron_axe":1,"minecraft:smooth_stone_slab":8,"minecraft:birch_pressure_plate":7,"minecraft:orange_terracotta":1,"minecraft:item_frame":3,"minecraft:armor_stand":1,"minecraft:smooth_sandstone":12,"minecraft:bone":2,"minecraft:oak_sign":2,"minecraft:acacia_planks":8,"minecraft:beetroot":1,"minecraft:bow":3,"minecraft:cobbled_deepslate_wall":21,"minecraft:wheat_seeds":9,"minecraft:smooth_stone":43,"minecraft:iron_pickaxe":1,"minecraft:sugar_cane":12,"minecraft:chest":3,"minecraft:quartz_stairs":1,"minecraft:lime_glazed_terracotta":4,"minecraft:iron_boots":2,"minecraft:furnace":2,"minecraft:stick":6,"minecraft:raw_iron":2,"minecraft:sandstone":28,"minecraft:birch_trapdoor":3,"minecraft:green_bed":2,"minecraft:acacia_log":13,"minecraft:sand":95,"minecraft:porkchop":1,"minecraft:blast_furnace":2,"minecraft:white_bed":2,"minecraft:chiseled_sandstone":1,"minecraft:arrow":3,"minecraft:stone_sword":1,"minecraft:cactus":2,"minecraft:rotten_flesh":4,"minecraft:beetroot_seeds":3,"minecraft:stone_axe":3,"minecraft:hay_block":21,"minecraft:sandstone_stairs":9,"minecraft:bread":2,"minecraft:oak_sapling":9,"minecraft:bone_block":26,"minecraft:smooth_quartz_slab":1,"minecraft:cobblestone":5,"minecraft:white_wool":1},"minecraft:dropped":{"minecraft:stone_axe":2,"minecraft:oak_sign":2,"minecraft:stick":2,"minecraft:iron_axe":1,"minecraft:cactus":1,"minecraft:string":1,"minecraft:smooth_sandstone":1,"minecraft:bone":1},"minecraft:custom":{"minecraft:interact_with_furnace":3,"minecraft:mob_kills":5,"minecraft:interact_with_crafting_table":7,"minecraft:leave_game":1,"minecraft:time_since_death":77138,"minecraft:sleep_in_bed":3,"minecraft:climb_one_cm":456,"minecraft:time_since_rest":10355,"minecraft:sprint_one_cm":466227,"minecraft:damage_taken":1895,"minecraft:walk_one_cm":198028,"minecraft:drop":10,"minecraft:damage_dealt":829,"minecraft:swim_one_cm":13715,"minecraft:talked_to_villager":1,"minecraft:fly_one_cm":369254,"minecraft:open_chest":59,"minecraft:crouch_one_cm":362,"minecraft:play_time":80555,"minecraft:deaths":1,"minecraft:sneak_time":227,"minecraft:walk_under_water_one_cm":1304,"minecraft:interact_with_brewingstand":1,"minecraft:jump":1682,"minecraft:walk_on_water_one_cm":5287,"minecraft:total_world_time":80555,"minecraft:fall_one_cm":56302},"minecraft:killed":{"minecraft:spider":1,"minecraft:skeleton":3,"minecraft:cow":1},"minecraft:mined":{"minecraft:dark_oak_planks":1,"minecraft:cut_sandstone":6,"minecraft:white_bed":2,"minecraft:glass_pane":14,"minecraft:quartz_stairs":1,"minecraft:orange_terracotta":1,"minecraft:potted_cactus":1,"minecraft:brewing_stand":1,"minecraft:crafting_table":3,"minecraft:smooth_sandstone":14,"minecraft:cobbled_deepslate_wall":21,"minecraft:short_grass":1,"minecraft:acacia_log":14,"minecraft:blast_furnace":2,"minecraft:grass_block":4,"minecraft:chest":3,"minecraft:smooth_quartz_slab":1,"minecraft:sugar_cane":4,"minecraft:sandstone":30,"minecraft:sandstone_stairs":9,"minecraft:chain":4,"minecraft:hay_block":20,"minecraft:smooth_stone":43,"minecraft:furnace":2,"minecraft:lime_glazed_terracotta":4,"minecraft:iron_ore":2,"minecraft:chiseled_sandstone":1,"minecraft:wheat":2,"minecraft:birch_trapdoor":3,"minecraft:smooth_stone_slab":8,"minecraft:oak_log":54,"minecraft:oak_sign":1,"minecraft:beetroots":1,"minecraft:lantern":1,"minecraft:sand":95,"minecraft:acacia_planks":8,"minecraft:stone":5,"minecraft:bone_block":27,"minecraft:white_wool":1,"minecraft:oak_leaves":39,"minecraft:green_bed":2},"minecraft:used":{"minecraft:stone_sword":6,"minecraft:iron_shovel":98,"minecraft:smooth_quartz_slab":1,"minecraft:ladder":3,"minecraft:chest":3,"travelersbackpack:iron_golem":1,"minecraft:sandstone":2,"minecraft:green_bed":2,"minecraft:quartz_stairs":1,"minecraft:crafting_table":7,"minecraft:white_bed":2,"minecraft:oak_log":42,"minecraft:apple":1,"minecraft:lantern":2,"minecraft:smooth_sandstone":8,"minecraft:iron_axe":166,"minecraft:bread":42,"minecraft:iron_pickaxe":186,"minecraft:iron_helmet":1,"minecraft:iron_boots":4,"minecraft:stone_axe":10,"minecraft:chain":2,"minecraft:smooth_stone_slab":14,"minecraft:acacia_planks":33},"minecraft:crafted":{"minecraft:smooth_stone_slab":84,"minecraft:crafting_table":7,"minecraft:spruce_planks":16,"minecraft:bone_meal":234,"minecraft:iron_axe":1,"minecraft:ladder":3,"minecraft:stick":8,"minecraft:acacia_planks":52,"minecraft:wheat":180}},"DataVersion":3953}