{"stats":{"minecraft:broken":{"minecraft:iron_pickaxe":1},"minecraft:picked_up":{"minecraft:iron_chestplate":2,"minecraft:crafting_table":4,"minecraft:wheat":2,"minecraft:ladder":1,"minecraft:flower_pot":1,"minecraft:chain":4,"minecraft:brewing_stand":1,"minecraft:string":3,"minecraft:iron_axe":1,"minecraft:smooth_stone_slab":10,"minecraft:armor_stand":1,"minecraft:item_frame":3,"minecraft:oak_sign":2,"minecraft:beetroot":1,"minecraft:smooth_stone":54,"minecraft:beef":6,"minecraft:iron_pickaxe":1,"minecraft:chest":3,"minecraft:sugar_cane":17,"minecraft:quartz_stairs":1,"minecraft:iron_boots":2,"minecraft:furnace":4,"minecraft:raw_iron":38,"minecraft:stick":6,"minecraft:sandstone":28,"minecraft:birch_trapdoor":3,"minecraft:green_bed":3,"minecraft:acacia_log":13,"minecraft:porkchop":1,"minecraft:cactus":2,"minecraft:stone_sword":1,"minecraft:arrow":3,"minecraft:rotten_flesh":4,"minecraft:beetroot_seeds":3,"minecraft:hay_block":21,"minecraft:sandstone_stairs":12,"minecraft:cobblestone":21,"minecraft:white_wool":1,"minecraft:bone_block":56,"minecraft:stripped_oak_log":2,"minecraft:leather":2,"minecraft:cut_sandstone":7,"minecraft:oak_log":54,"minecraft:lantern":2,"minecraft:orange_terracotta":1,"minecraft:birch_pressure_plate":14,"minecraft:smooth_sandstone":15,"minecraft:glass":27,"minecraft:bone":2,"minecraft:acacia_planks":8,"minecraft:bow":3,"minecraft:cobbled_deepslate_wall":21,"minecraft:wheat_seeds":9,"minecraft:stripped_oak_wood":56,"minecraft:oak_planks":14,"minecraft:lime_glazed_terracotta":4,"minecraft:birch_stairs":15,"minecraft:sand":95,"minecraft:blast_furnace":2,"minecraft:white_bed":2,"minecraft:chiseled_sandstone":1,"minecraft:stone_axe":3,"minecraft:bread":2,"minecraft:oak_sapling":9,"minecraft:smooth_quartz_slab":1},"minecraft:dropped":{"minecraft:cobblestone":3,"minecraft:stick":2,"minecraft:torch":1,"minecraft:chain":2,"minecraft:iron_axe":1,"minecraft:cactus":1,"minecraft:string":1,"minecraft:smooth_sandstone":1,"minecraft:bone":1,"minecraft:stone_axe":2,"minecraft:oak_sign":2},"minecraft:custom":{"minecraft:mob_kills":6,"minecraft:interact_with_crafting_table":17,"minecraft:leave_game":2,"minecraft:time_since_death":722,"minecraft:climb_one_cm":6315,"minecraft:sprint_one_cm":609458,"minecraft:walk_one_cm":282128,"minecraft:drop":14,"minecraft:talked_to_villager":1,"minecraft:play_time":116119,"minecraft:deaths":2,"minecraft:sneak_time":1160,"minecraft:walk_under_water_one_cm":5933,"minecraft:jump":2167,"minecraft:interact_with_brewingstand":2,"minecraft:walk_on_water_one_cm":12250,"minecraft:total_world_time":116119,"minecraft:interact_with_furnace":16,"minecraft:sleep_in_bed":5,"minecraft:time_since_rest":769,"minecraft:damage_taken":2709,"minecraft:damage_dealt":1024,"minecraft:swim_one_cm":13715,"minecraft:fly_one_cm":460141,"minecraft:open_chest":62,"minecraft:crouch_one_cm":3808,"minecraft:fall_one_cm":76782},"minecraft:killed_by":{"minecraft:skeleton":1},"minecraft:killed":{"minecraft:spider":1,"minecraft:skeleton":3,"minecraft:cow":2},"minecraft:mined":{"minecraft:dark_oak_planks":1,"minecraft:white_bed":2,"minecraft:quartz_stairs":1,"minecraft:deepslate_diamond_ore":1,"minecraft:potted_cactus":1,"minecraft:brewing_stand":1,"minecraft:acacia_log":14,"minecraft:grass_block":4,"minecraft:sandstone":33,"minecraft:sandstone_stairs":12,"minecraft:hay_block":20,"minecraft:smooth_stone":54,"minecraft:black_stained_glass_pane":12,"minecraft:furnace":4,"minecraft:iron_ore":35,"minecraft:chiseled_sandstone":1,"minecraft:deepslate_iron_ore":5,"minecraft:oak_sign":1,"minecraft:lantern":1,"minecraft:stripped_oak_log":1,"minecraft:stone":18,"minecraft:bone_block":45,"minecraft:white_wool":1,"minecraft:green_bed":3,"minecraft:birch_stairs":15,"minecraft:cut_sandstone":6,"minecraft:glass_pane":14,"minecraft:orange_terracotta":1,"minecraft:cobbled_deepslate_wall":21,"minecraft:smooth_sandstone":15,"minecraft:crafting_table":4,"minecraft:short_grass":1,"minecraft:blast_furnace":2,"minecraft:chest":3,"minecraft:smooth_quartz_slab":1,"minecraft:sugar_cane":7,"minecraft:chain":4,"minecraft:lime_glazed_terracotta":4,"minecraft:wheat":2,"minecraft:birch_trapdoor":3,"minecraft:stripped_oak_wood":35,"minecraft:smooth_stone_slab":9,"minecraft:oak_log":54,"minecraft:beetroots":1,"minecraft:sand":95,"minecraft:terracotta":2,"minecraft:acacia_planks":8,"minecraft:oak_leaves":39},"minecraft:used":{"minecraft:stone_sword":6,"minecraft:iron_shovel":98,"minecraft:smooth_quartz_slab":1,"minecraft:bone_block":6,"minecraft:ladder":11,"minecraft:chest":5,"minecraft:quartz_stairs":1,"minecraft:torch":7,"minecraft:brewing_stand":1,"minecraft:glass":3,"minecraft:lantern":2,"minecraft:iron_axe":224,"minecraft:smooth_sandstone":10,"minecraft:iron_helmet":1,"minecraft:iron_boots":4,"minecraft:furnace":5,"minecraft:acacia_planks":33,"travelersbackpack:iron_golem":1,"minecraft:sandstone":2,"minecraft:green_bed":3,"minecraft:crafting_table":9,"minecraft:white_bed":2,"minecraft:oak_log":42,"minecraft:apple":1,"minecraft:bread":55,"minecraft:iron_pickaxe":283,"minecraft:stone_axe":10,"minecraft:stripped_oak_wood":6,"minecraft:chain":2,"minecraft:smooth_stone_slab":39,"minecraft:smooth_stone":10},"minecraft:crafted":{"minecraft:oak_planks":44,"minecraft:smooth_stone_slab":84,"minecraft:furnace":1,"minecraft:bone_meal":234,"minecraft:glass":30,"minecraft:iron_axe":1,"minecraft:ladder":12,"minecraft:chest":2,"minecraft:wheat":180,"minecraft:crafting_table":7,"minecraft:spruce_planks":16,"minecraft:air":0,"minecraft:stick":36,"minecraft:iron_ingot":3,"minecraft:iron_pickaxe":1,"minecraft:acacia_planks":52,"minecraft:torch":12}},"DataVersion":3953}