{"stats":{"minecraft:picked_up":{"minecraft:stripped_oak_log":1,"minecraft:crafting_table":4,"minecraft:iron_chestplate":1,"minecraft:wheat":2,"minecraft:flower_pot":1,"minecraft:cut_sandstone":6,"minecraft:leather":2,"minecraft:oak_log":54,"minecraft:chain":4,"minecraft:brewing_stand":1,"minecraft:string":3,"minecraft:lantern":2,"minecraft:iron_axe":1,"minecraft:smooth_stone_slab":10,"minecraft:orange_terracotta":1,"minecraft:birch_pressure_plate":7,"minecraft:item_frame":3,"minecraft:armor_stand":1,"minecraft:smooth_sandstone":15,"minecraft:bone":2,"minecraft:acacia_planks":8,"minecraft:oak_sign":2,"minecraft:beetroot":1,"minecraft:bow":3,"minecraft:wheat_seeds":9,"minecraft:cobbled_deepslate_wall":21,"minecraft:smooth_stone":54,"minecraft:beef":3,"minecraft:stripped_oak_wood":31,"minecraft:iron_pickaxe":1,"minecraft:quartz_stairs":1,"minecraft:sugar_cane":17,"minecraft:chest":3,"minecraft:lime_glazed_terracotta":4,"minecraft:iron_boots":2,"minecraft:furnace":4,"minecraft:stick":6,"minecraft:raw_iron":2,"minecraft:sandstone":28,"minecraft:birch_trapdoor":3,"minecraft:acacia_log":13,"minecraft:green_bed":3,"minecraft:sand":95,"minecraft:porkchop":1,"minecraft:birch_stairs":15,"minecraft:blast_furnace":2,"minecraft:white_bed":2,"minecraft:chiseled_sandstone":1,"minecraft:stone_sword":1,"minecraft:arrow":3,"minecraft:cactus":2,"minecraft:rotten_flesh":4,"minecraft:stone_axe":3,"minecraft:beetroot_seeds":3,"minecraft:hay_block":21,"minecraft:sandstone_stairs":12,"minecraft:bread":2,"minecraft:oak_sapling":9,"minecraft:smooth_quartz_slab":1,"minecraft:bone_block":44,"minecraft:white_wool":1,"minecraft:cobblestone":5},"minecraft:dropped":{"minecraft:stone_axe":2,"minecraft:oak_sign":2,"minecraft:stick":2,"minecraft:iron_axe":1,"minecraft:cactus":1,"minecraft:string":1,"minecraft:smooth_sandstone":1,"minecraft:bone":1},"minecraft:custom":{"minecraft:interact_with_furnace":11,"minecraft:mob_kills":6,"minecraft:interact_with_crafting_table":14,"minecraft:leave_game":2,"minecraft:time_since_death":100702,"minecraft:sleep_in_bed":5,"minecraft:climb_one_cm":6315,"minecraft:time_since_rest":4135,"minecraft:sprint_one_cm":538541,"minecraft:damage_taken":1977,"minecraft:walk_one_cm":257441,"minecraft:drop":10,"minecraft:damage_dealt":889,"minecraft:swim_one_cm":13715,"minecraft:talked_to_villager":1,"minecraft:fly_one_cm":416080,"minecraft:open_chest":62,"minecraft:crouch_one_cm":3245,"minecraft:play_time":104119,"minecraft:deaths":1,"minecraft:sneak_time":1054,"minecraft:walk_under_water_one_cm":1304,"minecraft:interact_with_brewingstand":2,"minecraft:jump":1913,"minecraft:walk_on_water_one_cm":6809,"minecraft:total_world_time":104119,"minecraft:fall_one_cm":63611},"minecraft:killed":{"minecraft:spider":1,"minecraft:skeleton":3,"minecraft:cow":2},"minecraft:mined":{"minecraft:dark_oak_planks":1,"minecraft:birch_stairs":15,"minecraft:cut_sandstone":6,"minecraft:white_bed":2,"minecraft:glass_pane":14,"minecraft:quartz_stairs":1,"minecraft:orange_terracotta":1,"minecraft:potted_cactus":1,"minecraft:brewing_stand":1,"minecraft:smooth_sandstone":15,"minecraft:crafting_table":4,"minecraft:cobbled_deepslate_wall":21,"minecraft:blast_furnace":2,"minecraft:short_grass":1,"minecraft:acacia_log":14,"minecraft:grass_block":4,"minecraft:chest":3,"minecraft:smooth_quartz_slab":1,"minecraft:sugar_cane":7,"minecraft:sandstone":33,"minecraft:sandstone_stairs":12,"minecraft:chain":4,"minecraft:smooth_stone":54,"minecraft:hay_block":20,"minecraft:black_stained_glass_pane":12,"minecraft:furnace":4,"minecraft:lime_glazed_terracotta":4,"minecraft:iron_ore":2,"minecraft:wheat":2,"minecraft:chiseled_sandstone":1,"minecraft:birch_trapdoor":3,"minecraft:stripped_oak_wood":35,"minecraft:smooth_stone_slab":9,"minecraft:beetroots":1,"minecraft:oak_log":54,"minecraft:oak_sign":1,"minecraft:lantern":1,"minecraft:sand":95,"minecraft:stripped_oak_log":1,"minecraft:terracotta":2,"minecraft:acacia_planks":8,"minecraft:stone":5,"minecraft:bone_block":45,"minecraft:white_wool":1,"minecraft:oak_leaves":39,"minecraft:green_bed":3},"minecraft:used":{"minecraft:stone_sword":6,"minecraft:iron_shovel":98,"minecraft:smooth_quartz_slab":1,"minecraft:ladder":11,"minecraft:bone_block":6,"minecraft:chest":5,"minecraft:sandstone":2,"travelersbackpack:iron_golem":1,"minecraft:quartz_stairs":1,"minecraft:green_bed":3,"minecraft:torch":4,"minecraft:brewing_stand":1,"minecraft:crafting_table":8,"minecraft:white_bed":2,"minecraft:glass":3,"minecraft:oak_log":42,"minecraft:apple":1,"minecraft:iron_pickaxe":231,"minecraft:lantern":2,"minecraft:iron_axe":223,"minecraft:bread":48,"minecraft:smooth_sandstone":10,"minecraft:iron_helmet":1,"minecraft:iron_boots":4,"minecraft:stone_axe":10,"minecraft:furnace":4,"minecraft:stripped_oak_wood":6,"minecraft:chain":2,"minecraft:smooth_stone_slab":39,"minecraft:smooth_stone":10,"minecraft:acacia_planks":33},"minecraft:crafted":{"minecraft:oak_planks":44,"minecraft:smooth_stone_slab":84,"minecraft:crafting_table":7,"minecraft:spruce_planks":16,"minecraft:bone_meal":234,"minecraft:air":0,"minecraft:glass":30,"minecraft:iron_axe":1,"minecraft:ladder":12,"minecraft:stick":36,"minecraft:chest":2,"minecraft:acacia_planks":52,"minecraft:torch":12,"minecraft:wheat":180}},"DataVersion":3953}