{"stats":{"minecraft:picked_up":{"minecraft:iron_chestplate":1,"minecraft:wheat":2,"minecraft:flower_pot":1,"minecraft:cut_sandstone":5,"minecraft:oak_log":1,"minecraft:string":3,"minecraft:orange_terracotta":1,"minecraft:item_frame":3,"minecraft:armor_stand":1,"minecraft:smooth_sandstone":1,"minecraft:oak_sign":1,"minecraft:acacia_planks":8,"minecraft:beetroot":1,"minecraft:bow":3,"minecraft:cobbled_deepslate_wall":21,"minecraft:wheat_seeds":9,"minecraft:iron_pickaxe":1,"minecraft:chest":2,"minecraft:quartz_stairs":1,"minecraft:iron_boots":2,"minecraft:raw_iron":2,"minecraft:sandstone":28,"minecraft:birch_trapdoor":3,"minecraft:acacia_log":13,"minecraft:sand":1,"minecraft:porkchop":1,"minecraft:blast_furnace":2,"minecraft:white_bed":2,"minecraft:chiseled_sandstone":1,"minecraft:arrow":1,"minecraft:stone_sword":1,"minecraft:cactus":2,"minecraft:beetroot_seeds":3,"minecraft:stone_axe":3,"minecraft:hay_block":20,"minecraft:bread":2,"minecraft:smooth_quartz_slab":1,"minecraft:cobblestone":5,"minecraft:white_wool":1},"minecraft:dropped":{"minecraft:stone_axe":2,"minecraft:cactus":1,"minecraft:string":1},"minecraft:custom":{"minecraft:interact_with_furnace":1,"minecraft:mob_kills":2,"minecraft:interact_with_crafting_table":3,"minecraft:leave_game":1,"minecraft:time_since_death":47138,"minecraft:sleep_in_bed":1,"minecraft:climb_one_cm":16,"minecraft:time_since_rest":16768,"minecraft:sprint_one_cm":342707,"minecraft:damage_taken":1522,"minecraft:walk_one_cm":110071,"minecraft:drop":4,"minecraft:damage_dealt":360,"minecraft:swim_one_cm":8540,"minecraft:talked_to_villager":1,"minecraft:fly_one_cm":239814,"minecraft:open_chest":48,"minecraft:crouch_one_cm":362,"minecraft:play_time":50555,"minecraft:deaths":1,"minecraft:sneak_time":224,"minecraft:walk_under_water_one_cm":1138,"minecraft:interact_with_brewingstand":1,"minecraft:jump":1165,"minecraft:walk_on_water_one_cm":3989,"minecraft:total_world_time":50555,"minecraft:fall_one_cm":42355},"minecraft:killed":{"minecraft:spider":1,"minecraft:skeleton":1},"minecraft:mined":{"minecraft:dark_oak_planks":1,"minecraft:cut_sandstone":5,"minecraft:white_bed":2,"minecraft:glass_pane":1,"minecraft:quartz_stairs":1,"minecraft:orange_terracotta":1,"minecraft:potted_cactus":1,"minecraft:smooth_sandstone":1,"minecraft:cobbled_deepslate_wall":21,"minecraft:short_grass":1,"minecraft:acacia_log":14,"minecraft:blast_furnace":2,"minecraft:grass_block":4,"minecraft:chest":2,"minecraft:smooth_quartz_slab":1,"minecraft:sandstone":30,"minecraft:hay_block":20,"minecraft:iron_ore":2,"minecraft:chiseled_sandstone":1,"minecraft:wheat":2,"minecraft:birch_trapdoor":3,"minecraft:oak_log":1,"minecraft:oak_sign":1,"minecraft:beetroots":1,"minecraft:sand":1,"minecraft:acacia_planks":8,"minecraft:stone":5,"minecraft:white_wool":1,"minecraft:oak_leaves":4},"minecraft:used":{"minecraft:iron_shovel":4,"minecraft:smooth_quartz_slab":1,"minecraft:chest":2,"travelersbackpack:iron_golem":1,"minecraft:sandstone":2,"minecraft:quartz_stairs":1,"minecraft:crafting_table":1,"minecraft:white_bed":2,"minecraft:apple":1,"minecraft:iron_axe":31,"minecraft:bread":29,"minecraft:iron_pickaxe":71,"minecraft:iron_helmet":1,"minecraft:iron_boots":4,"minecraft:stone_axe":10,"minecraft:acacia_planks":33},"minecraft:crafted":{"minecraft:crafting_table":1,"minecraft:spruce_planks":16,"minecraft:iron_axe":1,"minecraft:stick":4,"minecraft:acacia_planks":52,"minecraft:wheat":180}},"DataVersion":3953}