{"stats":{"minecraft:picked_up":{"minecraft:coarse_dirt":34,"minecraft:crafting_table":4,"minecraft:iron_chestplate":2,"minecraft:wheat":38,"minecraft:ominous_bottle":1,"minecraft:ladder":1,"minecraft:flower_pot":1,"minecraft:leather_leggings":1,"minecraft:enchanted_book":1,"minecraft:chain":4,"minecraft:brewing_stand":1,"minecraft:shield":6,"minecraft:string":3,"minecraft:smooth_stone_slab":10,"minecraft:iron_axe":1,"minecraft:item_frame":3,"minecraft:armor_stand":1,"minecraft:oak_sign":2,"minecraft:beetroot":1,"minecraft:diamond_leggings":1,"minecraft:red_sand":5,"minecraft:smooth_stone":65,"minecraft:spruce_planks":7,"minecraft:beef":6,"minecraft:iron_pickaxe":2,"minecraft:enchanted_golden_apple":1,"minecraft:chest":3,"minecraft:quartz_stairs":1,"minecraft:sugar_cane":73,"minecraft:iron_boots":2,"minecraft:furnace":4,"minecraft:stick":70,"minecraft:raw_iron":38,"minecraft:sandstone":28,"minecraft:birch_trapdoor":3,"minecraft:acacia_log":13,"minecraft:green_bed":4,"minecraft:porkchop":1,"minecraft:golden_chestplate":1,"minecraft:stone_sword":1,"minecraft:arrow":7,"minecraft:cactus":2,"minecraft:diamond_chestplate":1,"minecraft:rotten_flesh":8,"minecraft:beetroot_seeds":3,"minecraft:diamond_boots":1,"minecraft:hay_block":21,"minecraft:sandstone_stairs":12,"minecraft:armadillo_scute":2,"minecraft:yellow_terracotta":1,"minecraft:cobblestone":71,"minecraft:bone_block":56,"minecraft:white_wool":1,"minecraft:stripped_oak_log":2,"travelersbackpack:iron_golem":3,"minecraft:cut_sandstone":7,"minecraft:leather":4,"minecraft:golden_leggings":1,"minecraft:oak_log":72,"minecraft:dirt":74,"minecraft:lantern":2,"minecraft:white_banner":1,"minecraft:orange_terracotta":424,"minecraft:birch_pressure_plate":14,"minecraft:leather_boots":1,"minecraft:smooth_sandstone":15,"minecraft:glass":27,"minecraft:bone":5,"minecraft:acacia_planks":8,"minecraft:bow":4,"minecraft:cobbled_deepslate_wall":21,"minecraft:wheat_seeds":106,"minecraft:stripped_oak_wood":56,"minecraft:iron_sword":4,"minecraft:oak_planks":14,"minecraft:lime_glazed_terracotta":4,"minecraft:birch_stairs":15,"minecraft:sand":360,"minecraft:blast_furnace":2,"minecraft:white_bed":2,"minecraft:chiseled_sandstone":1,"minecraft:quartz_bricks":4,"minecraft:diamond":43,"minecraft:stone_axe":3,"minecraft:golden_apple":1,"minecraft:iron_helmet":1,"minecraft:crossbow":4,"minecraft:diamond_axe":1,"minecraft:bone_meal":256,"minecraft:emerald":7,"minecraft:bread":66,"minecraft:terracotta":1873,"minecraft:oak_sapling":9,"minecraft:smooth_quartz_slab":1,"minecraft:diamond_pickaxe":1},"minecraft:dropped":{"minecraft:wheat_seeds":2,"minecraft:diamond":17,"minecraft:yellow_terracotta":1,"minecraft:cobblestone":3,"minecraft:rail":1,"minecraft:stick":2,"minecraft:torch":1,"minecraft:chain":2,"minecraft:armadillo_scute":2,"minecraft:iron_axe":1,"minecraft:cactus":1,"minecraft:string":1,"minecraft:smooth_sandstone":1,"minecraft:bone":1,"minecraft:stone_axe":2,"minecraft:experience_bottle":64,"minecraft:enchanted_golden_apple":1,"minecraft:oak_sign":2,"minecraft:shield":1,"minecraft:orange_terracotta":50,"minecraft:spruce_planks":2,"minecraft:diamond_pickaxe":1,"minecraft:terracotta":63},"minecraft:killed":{"guardvillagers:guard":11,"minecraft:armadillo":1,"minecraft:spider":1,"minecraft:skeleton":4,"minecraft:zombie":1,"minecraft:cow":2},"minecraft:killed_by":{"minecraft:skeleton":1},"minecraft:custom":{"minecraft:mob_kills":20,"minecraft:interact_with_crafting_table":33,"minecraft:leave_game":6,"minecraft:time_since_death":98890,"minecraft:climb_one_cm":14279,"minecraft:sprint_one_cm":960745,"minecraft:walk_one_cm":681610,"minecraft:drop":43,"minecraft:talked_to_villager":1,"minecraft:play_time":234301,"minecraft:sneak_time":3143,"minecraft:deaths":5,"minecraft:walk_under_water_one_cm":18742,"minecraft:interact_with_brewingstand":2,"minecraft:jump":5247,"minecraft:walk_on_water_one_cm":25169,"minecraft:total_world_time":234301,"minecraft:interact_with_furnace":16,"minecraft:interact_with_stonecutter":1,"minecraft:sleep_in_bed":16,"minecraft:time_since_rest":19207,"minecraft:damage_taken":5056,"minecraft:damage_dealt":3946,"minecraft:swim_one_cm":23755,"minecraft:fly_one_cm":1243861,"minecraft:open_chest":106,"minecraft:crouch_one_cm":13860,"minecraft:fall_one_cm":176604},"minecraft:crafted":{"minecraft:oak_planks":116,"minecraft:smooth_stone_slab":84,"minecraft:diamond_hoe":1,"minecraft:furnace":1,"minecraft:bone_meal":435,"minecraft:diamond_shovel":1,"minecraft:glass":30,"minecraft:diamond_leggings":1,"minecraft:iron_axe":1,"minecraft:ladder":12,"minecraft:chest":8,"minecraft:diamond_boots":1,"minecraft:wheat":180,"minecraft:diamond_axe":1,"minecraft:crafting_table":8,"minecraft:spruce_planks":20,"minecraft:bucket":2,"minecraft:air":0,"minecraft:diamond_pickaxe":2,"minecraft:stick":60,"minecraft:iron_ingot":3,"minecraft:iron_pickaxe":1,"minecraft:acacia_planks":52,"minecraft:torch":12,"minecraft:diamond_chestplate":1},"minecraft:mined":{"minecraft:dark_oak_planks":1,"minecraft:yellow_terracotta":1,"minecraft:spruce_planks":1,"minecraft:white_bed":2,"minecraft:farmland":2,"minecraft:quartz_stairs":1,"minecraft:deepslate_diamond_ore":1,"minecraft:potted_cactus":1,"minecraft:brewing_stand":1,"minecraft:red_sand":5,"travelersbackpack:iron_golem":3,"minecraft:acacia_log":14,"minecraft:grass_block":76,"minecraft:sandstone":34,"minecraft:sandstone_stairs":13,"minecraft:hay_block":20,"minecraft:smooth_stone":54,"minecraft:black_stained_glass_pane":12,"minecraft:furnace":4,"minecraft:iron_ore":35,"minecraft:chiseled_sandstone":1,"minecraft:deepslate_iron_ore":5,"minecraft:oak_sign":1,"minecraft:lantern":1,"minecraft:stripped_oak_log":1,"minecraft:stone":18,"minecraft:bone_block":45,"minecraft:white_wool":1,"minecraft:green_bed":4,"minecraft:birch_stairs":15,"minecraft:cut_sandstone":6,"minecraft:glass_pane":14,"minecraft:orange_terracotta":429,"minecraft:smooth_sandstone":15,"minecraft:crafting_table":4,"minecraft:cobbled_deepslate_wall":21,"minecraft:short_grass":4,"minecraft:blast_furnace":2,"minecraft:chest":3,"minecraft:dead_bush":29,"minecraft:smooth_quartz_slab":1,"minecraft:quartz_bricks":9,"minecraft:sugar_cane":24,"minecraft:chain":4,"minecraft:coarse_dirt":34,"minecraft:lime_glazed_terracotta":4,"minecraft:wheat":40,"minecraft:birch_trapdoor":3,"minecraft:stripped_oak_wood":35,"minecraft:smooth_stone_slab":9,"minecraft:oak_log":72,"minecraft:beetroots":2,"minecraft:sand":360,"minecraft:dirt":2,"minecraft:terracotta":1755,"minecraft:acacia_planks":8,"minecraft:oak_leaves":39},"minecraft:broken":{"minecraft:diamond_pickaxe":1,"minecraft:iron_pickaxe":1},"minecraft:used":{"minecraft:stone_sword":6,"minecraft:iron_shovel":98,"minecraft:smooth_quartz_slab":1,"minecraft:diamond_hoe":137,"minecraft:ladder":11,"minecraft:bone_block":6,"minecraft:chest":11,"minecraft:spruce_planks":1,"minecraft:quartz_stairs":1,"minecraft:torch":7,"minecraft:brewing_stand":1,"minecraft:dirt":74,"minecraft:glass":3,"minecraft:lantern":2,"minecraft:iron_axe":224,"minecraft:smooth_sandstone":10,"minecraft:iron_helmet":1,"minecraft:iron_boots":4,"minecraft:furnace":5,"minecraft:acacia_planks":33,"minecraft:orange_terracotta":1,"minecraft:wheat_seeds":82,"minecraft:water_bucket":3,"minecraft:sandstone":2,"travelersbackpack:iron_golem":5,"minecraft:diamond_axe":69,"minecraft:green_bed":4,"minecraft:sand":1,"minecraft:terracotta":58,"minecraft:crafting_table":10,"minecraft:white_bed":2,"minecraft:oak_log":42,"minecraft:diamond_pickaxe":2209,"minecraft:apple":1,"minecraft:diamond_shovel":385,"minecraft:iron_pickaxe":283,"minecraft:bread":79,"minecraft:stone_axe":10,"minecraft:stripped_oak_wood":6,"minecraft:bucket":3,"minecraft:chain":2,"minecraft:smooth_stone_slab":39,"minecraft:coarse_dirt":29,"minecraft:smooth_stone":10}},"DataVersion":3953}