{"stats":{"minecraft:picked_up":{"minecraft:stripped_oak_log":1,"minecraft:crafting_table":4,"minecraft:iron_chestplate":1,"minecraft:wheat":2,"minecraft:flower_pot":1,"minecraft:leather":2,"minecraft:cut_sandstone":6,"minecraft:chain":4,"minecraft:oak_log":54,"minecraft:brewing_stand":1,"minecraft:string":3,"minecraft:lantern":2,"minecraft:iron_axe":1,"minecraft:smooth_stone_slab":10,"minecraft:birch_pressure_plate":7,"minecraft:orange_terracotta":1,"minecraft:item_frame":3,"minecraft:armor_stand":1,"minecraft:smooth_sandstone":14,"minecraft:bone":2,"minecraft:oak_sign":2,"minecraft:acacia_planks":8,"minecraft:beetroot":1,"minecraft:bow":3,"minecraft:cobbled_deepslate_wall":21,"minecraft:wheat_seeds":9,"minecraft:smooth_stone":54,"minecraft:beef":3,"minecraft:stripped_oak_wood":31,"minecraft:iron_pickaxe":1,"minecraft:sugar_cane":17,"minecraft:chest":3,"minecraft:quartz_stairs":1,"minecraft:lime_glazed_terracotta":4,"minecraft:iron_boots":2,"minecraft:furnace":4,"minecraft:stick":6,"minecraft:raw_iron":2,"minecraft:sandstone":28,"minecraft:birch_trapdoor":3,"minecraft:birch_stairs":15,"minecraft:green_bed":3,"minecraft:acacia_log":13,"minecraft:sand":95,"minecraft:porkchop":1,"minecraft:blast_furnace":2,"minecraft:white_bed":2,"minecraft:chiseled_sandstone":1,"minecraft:arrow":3,"minecraft:stone_sword":1,"minecraft:cactus":2,"minecraft:rotten_flesh":4,"minecraft:beetroot_seeds":3,"minecraft:stone_axe":3,"minecraft:hay_block":21,"minecraft:sandstone_stairs":11,"minecraft:bread":2,"minecraft:oak_sapling":9,"minecraft:bone_block":44,"minecraft:smooth_quartz_slab":1,"minecraft:cobblestone":5,"minecraft:white_wool":1},"minecraft:dropped":{"minecraft:stone_axe":2,"minecraft:oak_sign":2,"minecraft:stick":2,"minecraft:iron_axe":1,"minecraft:cactus":1,"minecraft:string":1,"minecraft:smooth_sandstone":1,"minecraft:bone":1},"minecraft:custom":{"minecraft:interact_with_furnace":10,"minecraft:mob_kills":6,"minecraft:interact_with_crafting_table":12,"minecraft:leave_game":2,"minecraft:time_since_death":88898,"minecraft:sleep_in_bed":4,"minecraft:climb_one_cm":1992,"minecraft:time_since_rest":7147,"minecraft:sprint_one_cm":497956,"minecraft:damage_taken":1945,"minecraft:walk_one_cm":239944,"minecraft:drop":10,"minecraft:damage_dealt":889,"minecraft:swim_one_cm":13715,"minecraft:talked_to_villager":1,"minecraft:fly_one_cm":380861,"minecraft:open_chest":61,"minecraft:crouch_one_cm":3245,"minecraft:play_time":92315,"minecraft:deaths":1,"minecraft:sneak_time":1053,"minecraft:walk_under_water_one_cm":1304,"minecraft:interact_with_brewingstand":2,"minecraft:jump":1768,"minecraft:walk_on_water_one_cm":5330,"minecraft:total_world_time":92315,"minecraft:fall_one_cm":59832},"minecraft:killed":{"minecraft:spider":1,"minecraft:skeleton":3,"minecraft:cow":2},"minecraft:mined":{"minecraft:dark_oak_planks":1,"minecraft:birch_stairs":15,"minecraft:cut_sandstone":6,"minecraft:white_bed":2,"minecraft:glass_pane":14,"minecraft:quartz_stairs":1,"minecraft:orange_terracotta":1,"minecraft:potted_cactus":1,"minecraft:brewing_stand":1,"minecraft:crafting_table":4,"minecraft:smooth_sandstone":14,"minecraft:cobbled_deepslate_wall":21,"minecraft:short_grass":1,"minecraft:acacia_log":14,"minecraft:blast_furnace":2,"minecraft:grass_block":4,"minecraft:chest":3,"minecraft:smooth_quartz_slab":1,"minecraft:sugar_cane":7,"minecraft:sandstone":30,"minecraft:sandstone_stairs":11,"minecraft:chain":4,"minecraft:hay_block":20,"minecraft:smooth_stone":54,"minecraft:black_stained_glass_pane":10,"minecraft:furnace":4,"minecraft:lime_glazed_terracotta":4,"minecraft:iron_ore":2,"minecraft:chiseled_sandstone":1,"minecraft:wheat":2,"minecraft:birch_trapdoor":3,"minecraft:stripped_oak_wood":35,"minecraft:smooth_stone_slab":9,"minecraft:oak_log":54,"minecraft:oak_sign":1,"minecraft:beetroots":1,"minecraft:lantern":1,"minecraft:sand":95,"minecraft:stripped_oak_log":1,"minecraft:acacia_planks":8,"minecraft:stone":5,"minecraft:bone_block":45,"minecraft:white_wool":1,"minecraft:oak_leaves":39,"minecraft:green_bed":3},"minecraft:used":{"minecraft:stone_sword":6,"minecraft:iron_shovel":98,"minecraft:smooth_quartz_slab":1,"minecraft:bone_block":4,"minecraft:ladder":3,"minecraft:chest":5,"travelersbackpack:iron_golem":1,"minecraft:sandstone":2,"minecraft:green_bed":3,"minecraft:quartz_stairs":1,"minecraft:brewing_stand":1,"minecraft:crafting_table":7,"minecraft:white_bed":2,"minecraft:glass":3,"minecraft:oak_log":42,"minecraft:apple":1,"minecraft:lantern":2,"minecraft:smooth_sandstone":8,"minecraft:iron_axe":223,"minecraft:bread":45,"minecraft:iron_pickaxe":222,"minecraft:iron_helmet":1,"minecraft:iron_boots":4,"minecraft:stone_axe":10,"minecraft:stripped_oak_wood":6,"minecraft:furnace":4,"minecraft:chain":2,"minecraft:smooth_stone_slab":39,"minecraft:smooth_stone":7,"minecraft:acacia_planks":33},"minecraft:crafted":{"minecraft:oak_planks":44,"minecraft:smooth_stone_slab":84,"minecraft:crafting_table":7,"minecraft:spruce_planks":16,"minecraft:bone_meal":234,"minecraft:air":0,"minecraft:glass":3,"minecraft:iron_axe":1,"minecraft:ladder":3,"minecraft:stick":8,"minecraft:chest":2,"minecraft:acacia_planks":52,"minecraft:wheat":180}},"DataVersion":3953}