{"stats":{"minecraft:dropped":{"minecraft:lime_bed":1},"minecraft:used":{"minecraft:birch_door":15,"minecraft:quartz_bricks":113,"minecraft:birch_trapdoor":5,"minecraft:sea_lantern":86,"minecraft:sand":1,"minecraft:quartz_pillar":62,"minecraft:crafting_table":1,"minecraft:lime_bed":1,"minecraft:smooth_quartz_slab":20,"minecraft:white_stained_glass_pane":19,"minecraft:ladder":11,"minecraft:chiseled_quartz_block":147,"minecraft:sandstone":9,"minecraft:quartz_stairs":98,"minecraft:birch_fence":16,"minecraft:sandstone_wall":23},"minecraft:picked_up":{"minecraft:rotten_flesh":2,"minecraft:shield":1,"minecraft:iron_sword":1,"minecraft:lantern":3},"minecraft:custom":{"minecraft:time_since_rest":5320,"minecraft:open_chest":2,"minecraft:crouch_one_cm":948,"minecraft:sprint_one_cm":32716,"minecraft:play_time":52383,"minecraft:damage_taken":15,"minecraft:walk_one_cm":87426,"minecraft:sneak_time":4119,"minecraft:drop":1,"minecraft:jump":155,"minecraft:leave_game":1,"minecraft:walk_on_water_one_cm":3154,"minecraft:time_since_death":52383,"minecraft:sleep_in_bed":2,"minecraft:climb_one_cm":1366,"minecraft:total_world_time":52383,"minecraft:talked_to_villager":1,"minecraft:fly_one_cm":698600}},"DataVersion":3953}