{"stats":{"minecraft:dropped":{"minecraft:lime_bed":1},"minecraft:picked_up":{"minecraft:quartz_bricks":1,"minecraft:rotten_flesh":2,"minecraft:quartz_pillar":1,"minecraft:shield":1,"minecraft:iron_sword":1,"minecraft:lantern":3},"minecraft:custom":{"minecraft:time_since_rest":61216,"minecraft:open_chest":2,"minecraft:crouch_one_cm":3745,"minecraft:sprint_one_cm":60572,"minecraft:play_time":108279,"minecraft:damage_taken":15,"minecraft:walk_one_cm":165899,"minecraft:sneak_time":9031,"minecraft:walk_under_water_one_cm":617,"minecraft:drop":1,"minecraft:jump":315,"minecraft:damage_dealt":110,"minecraft:leave_game":2,"minecraft:walk_on_water_one_cm":5951,"minecraft:time_since_death":108279,"minecraft:sleep_in_bed":2,"minecraft:climb_one_cm":2102,"minecraft:total_world_time":108279,"minecraft:talked_to_villager":1,"minecraft:fly_one_cm":1306696},"minecraft:used":{"minecraft:birch_door":24,"minecraft:quartz_bricks":231,"minecraft:birch_trapdoor":24,"minecraft:sea_lantern":243,"minecraft:sand":1,"minecraft:quartz_pillar":152,"travelersbackpack:creeper":1,"minecraft:crafting_table":1,"minecraft:lime_bed":1,"minecraft:smooth_quartz_slab":108,"minecraft:grass_block":10,"minecraft:white_stained_glass_pane":38,"minecraft:ladder":11,"minecraft:chiseled_quartz_block":254,"minecraft:sandstone":9,"minecraft:smooth_quartz":175,"minecraft:quartz_stairs":263,"minecraft:birch_fence":16,"minecraft:sandstone_wall":70}},"DataVersion":3953}