{"stats":{"minecraft:custom":{"minecraft:time_since_rest":2904,"minecraft:open_chest":2,"minecraft:crouch_one_cm":885,"minecraft:play_time":49967,"minecraft:sprint_one_cm":32616,"minecraft:damage_taken":15,"minecraft:walk_one_cm":85228,"minecraft:sneak_time":3966,"minecraft:drop":1,"minecraft:jump":153,"minecraft:leave_game":1,"minecraft:time_since_death":49967,"minecraft:walk_on_water_one_cm":3154,"minecraft:sleep_in_bed":2,"minecraft:climb_one_cm":1366,"minecraft:total_world_time":49967,"minecraft:talked_to_villager":1,"minecraft:fly_one_cm":687761},"minecraft:used":{"minecraft:birch_door":13,"minecraft:quartz_bricks":91,"minecraft:birch_trapdoor":5,"minecraft:sea_lantern":85,"minecraft:sand":1,"minecraft:quartz_pillar":62,"minecraft:crafting_table":1,"minecraft:lime_bed":1,"minecraft:smooth_quartz_slab":20,"minecraft:white_stained_glass_pane":19,"minecraft:ladder":11,"minecraft:chiseled_quartz_block":147,"minecraft:sandstone":9,"minecraft:quartz_stairs":97,"minecraft:birch_fence":16,"minecraft:sandstone_wall":23},"minecraft:picked_up":{"minecraft:rotten_flesh":2,"minecraft:shield":1,"minecraft:iron_sword":1,"minecraft:lantern":3},"minecraft:dropped":{"minecraft:lime_bed":1}},"DataVersion":3953}