{"stats":{"minecraft:dropped":{"minecraft:lime_bed":1},"minecraft:picked_up":{"minecraft:quartz_bricks":1,"minecraft:rotten_flesh":2,"minecraft:quartz_pillar":1,"minecraft:shield":1,"minecraft:iron_sword":1,"minecraft:lantern":3},"minecraft:custom":{"minecraft:time_since_rest":71811,"minecraft:open_chest":3,"minecraft:crouch_one_cm":4126,"minecraft:sprint_one_cm":80011,"minecraft:play_time":118874,"minecraft:damage_taken":15,"minecraft:walk_one_cm":182375,"minecraft:sneak_time":9786,"minecraft:walk_under_water_one_cm":617,"minecraft:drop":1,"minecraft:jump":413,"minecraft:damage_dealt":110,"minecraft:leave_game":3,"minecraft:walk_on_water_one_cm":6855,"minecraft:time_since_death":118874,"minecraft:sleep_in_bed":2,"minecraft:climb_one_cm":2102,"minecraft:total_world_time":118874,"minecraft:talked_to_villager":1,"minecraft:fly_one_cm":1405433},"minecraft:used":{"minecraft:birch_door":26,"minecraft:quartz_bricks":269,"minecraft:birch_trapdoor":24,"minecraft:sea_lantern":267,"minecraft:sand":1,"minecraft:quartz_pillar":167,"travelersbackpack:creeper":1,"minecraft:crafting_table":1,"minecraft:lime_bed":1,"minecraft:smooth_quartz_slab":125,"minecraft:grass_block":10,"minecraft:white_stained_glass_pane":46,"minecraft:ladder":11,"minecraft:chiseled_quartz_block":301,"minecraft:sandstone":25,"minecraft:smooth_quartz":197,"minecraft:quartz_stairs":279,"minecraft:birch_fence":16,"minecraft:sandstone_wall":76}},"DataVersion":3953}