{"stats":{"minecraft:dropped":{"minecraft:lime_bed":1},"minecraft:picked_up":{"minecraft:quartz_bricks":1,"minecraft:rotten_flesh":2,"minecraft:quartz_pillar":1,"minecraft:shield":1,"minecraft:iron_sword":1,"minecraft:lantern":3},"minecraft:custom":{"minecraft:time_since_rest":43216,"minecraft:open_chest":2,"minecraft:crouch_one_cm":2572,"minecraft:sprint_one_cm":41690,"minecraft:play_time":90279,"minecraft:damage_taken":15,"minecraft:walk_one_cm":127832,"minecraft:sneak_time":7242,"minecraft:drop":1,"minecraft:jump":257,"minecraft:damage_dealt":90,"minecraft:leave_game":2,"minecraft:walk_on_water_one_cm":3534,"minecraft:time_since_death":90279,"minecraft:sleep_in_bed":2,"minecraft:climb_one_cm":1366,"minecraft:total_world_time":90279,"minecraft:talked_to_villager":1,"minecraft:fly_one_cm":1048260},"minecraft:used":{"minecraft:birch_door":22,"minecraft:quartz_bricks":190,"minecraft:birch_trapdoor":20,"minecraft:sea_lantern":207,"minecraft:sand":1,"minecraft:quartz_pillar":136,"travelersbackpack:creeper":1,"minecraft:crafting_table":1,"minecraft:lime_bed":1,"minecraft:smooth_quartz_slab":86,"minecraft:white_stained_glass_pane":38,"minecraft:ladder":11,"minecraft:chiseled_quartz_block":253,"minecraft:sandstone":9,"minecraft:smooth_quartz":131,"minecraft:quartz_stairs":229,"minecraft:birch_fence":16,"minecraft:sandstone_wall":66}},"DataVersion":3953}