{"stats":{"minecraft:dropped":{"minecraft:lime_bed":1},"minecraft:used":{"minecraft:birch_door":15,"minecraft:quartz_bricks":139,"minecraft:birch_trapdoor":5,"minecraft:sea_lantern":91,"minecraft:sand":1,"minecraft:quartz_pillar":62,"minecraft:crafting_table":1,"minecraft:lime_bed":1,"minecraft:smooth_quartz_slab":59,"minecraft:white_stained_glass_pane":19,"minecraft:ladder":11,"minecraft:chiseled_quartz_block":147,"minecraft:sandstone":9,"minecraft:quartz_stairs":140,"minecraft:birch_fence":16,"minecraft:sandstone_wall":62},"minecraft:picked_up":{"minecraft:rotten_flesh":2,"minecraft:shield":1,"minecraft:iron_sword":1,"minecraft:lantern":3},"minecraft:custom":{"minecraft:time_since_rest":14242,"minecraft:open_chest":2,"minecraft:crouch_one_cm":1002,"minecraft:sprint_one_cm":34317,"minecraft:play_time":61305,"minecraft:damage_taken":15,"minecraft:walk_one_cm":93387,"minecraft:sneak_time":4612,"minecraft:drop":1,"minecraft:jump":168,"minecraft:leave_game":2,"minecraft:walk_on_water_one_cm":3154,"minecraft:time_since_death":61305,"minecraft:sleep_in_bed":2,"minecraft:climb_one_cm":1366,"minecraft:total_world_time":61305,"minecraft:talked_to_villager":1,"minecraft:fly_one_cm":803290}},"DataVersion":3953}