{"stats":{"minecraft:dropped":{"minecraft:lime_bed":1},"minecraft:picked_up":{"minecraft:quartz_bricks":1,"minecraft:rotten_flesh":2,"minecraft:quartz_pillar":1,"minecraft:shield":1,"minecraft:iron_sword":1,"minecraft:lantern":3},"minecraft:custom":{"minecraft:time_since_rest":19216,"minecraft:open_chest":2,"minecraft:crouch_one_cm":1051,"minecraft:sprint_one_cm":34317,"minecraft:play_time":66279,"minecraft:damage_taken":15,"minecraft:walk_one_cm":96242,"minecraft:sneak_time":5227,"minecraft:drop":1,"minecraft:jump":177,"minecraft:damage_dealt":90,"minecraft:leave_game":2,"minecraft:walk_on_water_one_cm":3154,"minecraft:time_since_death":66279,"minecraft:sleep_in_bed":2,"minecraft:climb_one_cm":1366,"minecraft:total_world_time":66279,"minecraft:talked_to_villager":1,"minecraft:fly_one_cm":840558},"minecraft:used":{"minecraft:birch_door":15,"minecraft:quartz_bricks":149,"minecraft:birch_trapdoor":5,"minecraft:sea_lantern":91,"minecraft:sand":1,"minecraft:quartz_pillar":89,"travelersbackpack:creeper":1,"minecraft:crafting_table":1,"minecraft:lime_bed":1,"minecraft:smooth_quartz_slab":59,"minecraft:white_stained_glass_pane":19,"minecraft:ladder":11,"minecraft:chiseled_quartz_block":196,"minecraft:sandstone":9,"minecraft:smooth_quartz":21,"minecraft:quartz_stairs":140,"minecraft:birch_fence":16,"minecraft:sandstone_wall":62}},"DataVersion":3953}