{"stats":{"minecraft:killed_by":{"minecraft:skeleton":1},"minecraft:used":{"minecraft:apple":3,"minecraft:iron_axe":4,"minecraft:bread":11,"minecraft:iron_pickaxe":27,"minecraft:iron_helmet":1,"minecraft:iron_boots":3,"minecraft:iron_chestplate":1,"minecraft:diamond_sword":4,"minecraft:sand":1,"minecraft:beef":2,"minecraft:hay_block":9,"minecraft:lime_bed":1,"minecraft:crafting_table":1,"minecraft:grindstone":1,"minecraft:egg":1,"minecraft:enchanted_golden_apple":1},"minecraft:custom":{"minecraft:time_since_rest":13989,"minecraft:sprint_one_cm":162634,"minecraft:damage_taken":1412,"minecraft:walk_one_cm":110952,"minecraft:mob_kills":4,"minecraft:damage_dealt":810,"minecraft:swim_one_cm":33335,"minecraft:interact_with_crafting_table":3,"minecraft:fly_one_cm":69726,"minecraft:open_barrel":2,"minecraft:open_chest":15,"minecraft:play_time":52126,"minecraft:deaths":3,"minecraft:walk_under_water_one_cm":6896,"minecraft:jump":709,"minecraft:walk_on_water_one_cm":4071,"minecraft:time_since_death":13901,"minecraft:climb_one_cm":726,"minecraft:total_world_time":52126,"minecraft:damage_resisted":34,"minecraft:fall_one_cm":24692},"minecraft:mined":{"minecraft:hay_block":13,"minecraft:birch_log":6,"minecraft:sand":1,"minecraft:stone":4,"minecraft:grindstone":1},"minecraft:picked_up":{"minecraft:birch_log":18,"minecraft:stick":2,"minecraft:lime_bed":1,"minecraft:iron_chestplate":3,"minecraft:leather":3,"minecraft:diamond_sword":3,"minecraft:birch_planks":2,"minecraft:sand":1,"minecraft:iron_axe":3,"minecraft:bone":6,"minecraft:arrow":6,"minecraft:rotten_flesh":8,"minecraft:iron_ingot":3,"minecraft:iron_helmet":3,"minecraft:hay_block":25,"minecraft:grindstone":1,"minecraft:beef":10,"minecraft:emerald":6,"minecraft:saddle":3,"minecraft:bread":41,"minecraft:iron_pickaxe":6,"minecraft:cobblestone":12,"minecraft:iron_boots":3,"minecraft:egg":1},"minecraft:killed":{"minecraft:cow":3},"minecraft:crafted":{"minecraft:diamond_sword":1,"minecraft:iron_axe":1,"minecraft:crafting_table":1,"minecraft:stick":4,"minecraft:birch_planks":24}},"DataVersion":3953}