{"stats":{"minecraft:picked_up":{"minecraft:stick":14,"minecraft:enchanted_book":1,"minecraft:sand":17,"minecraft:shield":3,"minecraft:dirt":1,"minecraft:white_banner":1,"minecraft:iron_axe":2,"minecraft:orange_terracotta":94,"minecraft:rotten_flesh":1,"minecraft:diamond":16,"minecraft:crossbow":3,"minecraft:iron_pickaxe":2,"minecraft:terracotta":450,"minecraft:enchanted_golden_apple":1,"minecraft:iron_sword":3,"minecraft:diamond_pickaxe":1},"minecraft:dropped":{"minecraft:enchanted_golden_apple":1,"minecraft:white_banner":1,"minecraft:golden_apple":1,"minecraft:terracotta":72},"minecraft:custom":{"minecraft:time_since_rest":31250,"minecraft:sprint_one_cm":179706,"minecraft:damage_taken":1135,"minecraft:walk_one_cm":94507,"minecraft:drop":5,"minecraft:damage_dealt":25,"minecraft:swim_one_cm":2964,"minecraft:interact_with_crafting_table":2,"minecraft:fly_one_cm":61707,"minecraft:open_chest":6,"minecraft:play_time":38671,"minecraft:deaths":1,"minecraft:sneak_time":50,"minecraft:walk_under_water_one_cm":1017,"minecraft:jump":404,"minecraft:leave_game":2,"minecraft:time_since_death":31204,"minecraft:walk_on_water_one_cm":1904,"minecraft:total_world_time":38671,"minecraft:fall_one_cm":21173},"minecraft:crafted":{"minecraft:diamond_pickaxe":4},"minecraft:mined":{"minecraft:hay_block":1,"minecraft:orange_terracotta":92,"minecraft:sand":18,"minecraft:terracotta":454},"minecraft:used":{"minecraft:diamond_pickaxe":448,"minecraft:iron_axe":1,"minecraft:iron_pickaxe":99,"minecraft:orange_terracotta":1}},"DataVersion":3953}