{"stats":{"minecraft:picked_up":{"minecraft:stick":17,"minecraft:smooth_basalt":1,"minecraft:chiseled_quartz_block":2,"minecraft:stone_brick_wall":2,"minecraft:spruce_fence":1,"minecraft:enchanted_book":2,"minecraft:sand":36,"minecraft:tuff":2,"minecraft:quartz_pillar":2,"minecraft:yellow_bed":1,"minecraft:shield":4,"minecraft:amethyst_block":2,"minecraft:dirt":2,"minecraft:white_banner":1,"minecraft:iron_axe":2,"minecraft:orange_terracotta":150,"minecraft:rotten_flesh":4,"minecraft:diamond":20,"minecraft:cobbled_deepslate":18,"minecraft:iron_ingot":5,"minecraft:crossbow":3,"minecraft:calcite":1,"minecraft:bone_meal":194,"minecraft:white_terracotta":1,"minecraft:bread":17,"minecraft:iron_pickaxe":3,"minecraft:terracotta":751,"minecraft:enchanted_golden_apple":2,"minecraft:iron_sword":3,"minecraft:diamond_pickaxe":8},"minecraft:dropped":{"minecraft:enchanted_golden_apple":1,"minecraft:white_banner":1,"minecraft:golden_apple":1,"minecraft:terracotta":72},"minecraft:killed_by":{"minecraft:zombie":1},"minecraft:custom":{"minecraft:time_since_rest":569,"minecraft:sprint_one_cm":306623,"minecraft:damage_taken":2834,"minecraft:walk_one_cm":180854,"minecraft:mob_kills":1,"minecraft:drop":5,"minecraft:damage_dealt":227,"minecraft:talked_to_villager":1,"minecraft:swim_one_cm":2964,"minecraft:interact_with_crafting_table":2,"minecraft:fly_one_cm":152604,"minecraft:open_chest":18,"minecraft:play_time":74671,"minecraft:deaths":4,"minecraft:sneak_time":86,"minecraft:walk_under_water_one_cm":13158,"minecraft:jump":987,"minecraft:leave_game":2,"minecraft:time_since_death":512,"minecraft:walk_on_water_one_cm":9191,"minecraft:sleep_in_bed":2,"minecraft:total_world_time":74671,"minecraft:fall_one_cm":44121},"minecraft:crafted":{"minecraft:diamond_pickaxe":4},"minecraft:mined":{"minecraft:hay_block":1,"minecraft:tuff":3,"minecraft:glass_pane":5,"minecraft:orange_terracotta":119,"minecraft:quartz_pillar":2,"minecraft:chiseled_quartz_block":2,"minecraft:yellow_bed":1,"minecraft:calcite":1,"minecraft:stone_brick_wall":3,"minecraft:dead_bush":1,"minecraft:sand":23,"minecraft:smooth_basalt":1,"minecraft:terracotta":641,"minecraft:deepslate":18,"minecraft:amethyst_block":3},"minecraft:used":{"minecraft:diamond_pickaxe":704,"minecraft:villager_spawn_egg":33,"minecraft:iron_axe":1,"minecraft:bread":9,"minecraft:iron_pickaxe":99,"minecraft:terracotta":120,"minecraft:sand":2,"minecraft:yellow_bed":1,"minecraft:orange_terracotta":7,"minecraft:bone_meal":190}},"DataVersion":3953}