{"stats":{"minecraft:picked_up":{"minecraft:stick":17,"minecraft:enchanted_book":2,"minecraft:sand":31,"minecraft:yellow_bed":1,"minecraft:shield":4,"minecraft:dirt":2,"minecraft:white_banner":1,"minecraft:iron_axe":2,"minecraft:orange_terracotta":122,"minecraft:rotten_flesh":2,"minecraft:diamond":20,"minecraft:iron_ingot":5,"minecraft:crossbow":3,"minecraft:bone_meal":194,"minecraft:iron_pickaxe":3,"minecraft:terracotta":631,"minecraft:enchanted_golden_apple":2,"minecraft:iron_sword":3,"minecraft:diamond_pickaxe":6},"minecraft:dropped":{"minecraft:enchanted_golden_apple":1,"minecraft:white_banner":1,"minecraft:golden_apple":1,"minecraft:terracotta":72},"minecraft:killed_by":{"minecraft:zombie":1},"minecraft:custom":{"minecraft:time_since_rest":9402,"minecraft:sprint_one_cm":202273,"minecraft:damage_taken":1450,"minecraft:walk_one_cm":122099,"minecraft:drop":5,"minecraft:damage_dealt":91,"minecraft:swim_one_cm":2964,"minecraft:interact_with_crafting_table":2,"minecraft:fly_one_cm":64187,"minecraft:open_chest":11,"minecraft:play_time":50671,"minecraft:deaths":2,"minecraft:sneak_time":50,"minecraft:walk_under_water_one_cm":1017,"minecraft:jump":440,"minecraft:leave_game":2,"minecraft:time_since_death":10297,"minecraft:walk_on_water_one_cm":1904,"minecraft:sleep_in_bed":2,"minecraft:total_world_time":50671,"minecraft:fall_one_cm":21858},"minecraft:crafted":{"minecraft:diamond_pickaxe":4},"minecraft:mined":{"minecraft:hay_block":1,"minecraft:orange_terracotta":119,"minecraft:yellow_bed":1,"minecraft:dead_bush":1,"minecraft:sand":23,"minecraft:terracotta":638},"minecraft:used":{"minecraft:diamond_pickaxe":666,"minecraft:iron_axe":1,"minecraft:iron_pickaxe":99,"minecraft:yellow_bed":1,"minecraft:orange_terracotta":1,"minecraft:bone_meal":153}},"DataVersion":3953}