{"stats":{"minecraft:picked_up":{"minecraft:iron_pickaxe":1,"minecraft:iron_sword":1,"minecraft:iron_axe":1},"minecraft:custom":{"minecraft:jump":89,"minecraft:open_chest":2,"minecraft:time_since_rest":4715,"minecraft:damage_dealt":25,"minecraft:sprint_one_cm":23826,"minecraft:leave_game":1,"minecraft:play_time":4715,"minecraft:damage_taken":50,"minecraft:time_since_death":4715,"minecraft:walk_one_cm":12893,"minecraft:total_world_time":4715,"minecraft:fall_one_cm":1593,"minecraft:fly_one_cm":14993}},"DataVersion":3953}