{"stats":{"minecraft:picked_up":{"minecraft:stick":17,"minecraft:spruce_fence":1,"minecraft:enchanted_book":2,"minecraft:sand":36,"minecraft:quartz_pillar":2,"minecraft:yellow_bed":1,"minecraft:shield":4,"minecraft:dirt":2,"minecraft:white_banner":1,"minecraft:iron_axe":2,"minecraft:orange_terracotta":150,"minecraft:rotten_flesh":4,"minecraft:diamond":20,"minecraft:iron_ingot":5,"minecraft:crossbow":3,"minecraft:bone_meal":194,"minecraft:bread":17,"minecraft:iron_pickaxe":3,"minecraft:terracotta":748,"minecraft:enchanted_golden_apple":2,"minecraft:iron_sword":3,"minecraft:diamond_pickaxe":8},"minecraft:dropped":{"minecraft:enchanted_golden_apple":1,"minecraft:white_banner":1,"minecraft:golden_apple":1,"minecraft:terracotta":72},"minecraft:killed_by":{"minecraft:zombie":1},"minecraft:custom":{"minecraft:time_since_rest":9900,"minecraft:sprint_one_cm":275492,"minecraft:damage_taken":2530,"minecraft:walk_one_cm":158451,"minecraft:mob_kills":1,"minecraft:drop":5,"minecraft:damage_dealt":158,"minecraft:swim_one_cm":2964,"minecraft:interact_with_crafting_table":2,"minecraft:fly_one_cm":141197,"minecraft:open_chest":15,"minecraft:play_time":62671,"minecraft:deaths":3,"minecraft:sneak_time":71,"minecraft:walk_under_water_one_cm":13158,"minecraft:jump":804,"minecraft:leave_game":2,"minecraft:time_since_death":9804,"minecraft:walk_on_water_one_cm":9191,"minecraft:sleep_in_bed":2,"minecraft:total_world_time":62671,"minecraft:fall_one_cm":38492},"minecraft:crafted":{"minecraft:diamond_pickaxe":4},"minecraft:mined":{"minecraft:hay_block":1,"minecraft:glass_pane":3,"minecraft:orange_terracotta":119,"minecraft:quartz_pillar":2,"minecraft:yellow_bed":1,"minecraft:dead_bush":1,"minecraft:sand":23,"minecraft:terracotta":638},"minecraft:used":{"minecraft:diamond_pickaxe":668,"minecraft:iron_axe":1,"minecraft:bread":5,"minecraft:iron_pickaxe":99,"minecraft:terracotta":39,"minecraft:sand":2,"minecraft:yellow_bed":1,"minecraft:orange_terracotta":1,"minecraft:bone_meal":190}},"DataVersion":3953}