{"stats":{"minecraft:used":{"minecraft:iron_axe":1},"minecraft:mined":{"minecraft:hay_block":1},"minecraft:picked_up":{"minecraft:iron_pickaxe":2,"minecraft:iron_sword":2,"minecraft:iron_axe":2},"minecraft:custom":{"minecraft:jump":258,"minecraft:open_chest":3,"minecraft:time_since_rest":7823,"minecraft:walk_on_water_one_cm":1904,"minecraft:damage_dealt":25,"minecraft:deaths":1,"minecraft:sprint_one_cm":76640,"minecraft:leave_game":2,"minecraft:play_time":15244,"minecraft:damage_taken":750,"minecraft:time_since_death":7777,"minecraft:walk_one_cm":32553,"minecraft:total_world_time":15244,"minecraft:walk_under_water_one_cm":1017,"minecraft:swim_one_cm":2964,"minecraft:fall_one_cm":12991,"minecraft:fly_one_cm":36711}},"DataVersion":3953}