{"stats":{"minecraft:picked_up":{"minecraft:iron_axe":2,"minecraft:orange_terracotta":10,"minecraft:rotten_flesh":1,"minecraft:crossbow":1,"minecraft:terracotta":95,"minecraft:iron_pickaxe":2,"minecraft:shield":2,"minecraft:iron_sword":3,"minecraft:diamond_pickaxe":1,"minecraft:white_banner":1},"minecraft:dropped":{"minecraft:terracotta":72},"minecraft:custom":{"minecraft:open_chest":3,"minecraft:time_since_rest":13250,"minecraft:sprint_one_cm":108385,"minecraft:play_time":20671,"minecraft:deaths":1,"minecraft:damage_taken":790,"minecraft:walk_one_cm":45251,"minecraft:sneak_time":23,"minecraft:walk_under_water_one_cm":1017,"minecraft:drop":2,"minecraft:jump":303,"minecraft:damage_dealt":25,"minecraft:leave_game":2,"minecraft:walk_on_water_one_cm":1904,"minecraft:time_since_death":13204,"minecraft:total_world_time":20671,"minecraft:swim_one_cm":2964,"minecraft:fall_one_cm":14964,"minecraft:fly_one_cm":44760},"minecraft:mined":{"minecraft:hay_block":1,"minecraft:terracotta":95,"minecraft:orange_terracotta":11},"minecraft:used":{"minecraft:diamond_pickaxe":7,"minecraft:iron_axe":1,"minecraft:iron_pickaxe":99}},"DataVersion":3953}