{
  "minecraft:recipes/misc/charcoal": {
    "criteria": {
      "has_log": "2024-07-16 04:05:34 +0000"
    },
    "done": true
  },
  "minecraft:recipes/decorations/crafting_table": {
    "criteria": {
      "unlock_right_away": "2024-07-16 04:03:42 +0000"
    },
    "done": true
  },
  "minecraft:recipes/building_blocks/oak_planks": {
    "criteria": {
      "has_logs": "2024-07-16 04:05:34 +0000"
    },
    "done": true
  },
  "minecraft:adventure/adventuring_time": {
    "criteria": {
      "minecraft:snowy_slopes": "2024-07-16 04:07:28 +0000",
      "minecraft:forest": "2024-07-16 04:03:44 +0000",
      "minecraft:grove": "2024-07-16 04:07:36 +0000",
      "minecraft:plains": "2024-07-16 04:07:02 +0000",
      "minecraft:jagged_peaks": "2024-07-16 04:07:52 +0000"
    },
    "done": false
  },
  "minecraft:recipes/building_blocks/oak_wood": {
    "criteria": {
      "has_log": "2024-07-16 04:05:34 +0000"
    },
    "done": true
  },
  "DataVersion": 3953
}